Date,Close,declining,advancing,dec_vol,adv_vol
2014-12-12,1997.5,2519.0,663.0,3378799862.0,713534163.0
2014-12-15,1991.0,2407.0,778.0,3433819319.0,848258739.0
2014-12-16,1971.2,1833.0,1335.0,2611648278.0,2256718211.0
2014-12-17,2013.0,373.0,2833.0,320082388.0,216829319.0
2014-12-18,2064.0,625.0,2570.0,509800139.0,4112184678.0
2014-12-19,2066.7,1129.0,2042.0,1765002255.0,3944460337.0
2014-12-22,2072.5,1342.0,1837.0,1561648651.0,1731905041.0
2014-12-23,2079.1,1153.0,2033.0,949546550.0,2025055383.0
2014-12-24,2078.0,1577.0,1527.0,742866347.0,623306413.0
2014-12-26,2084.2,1041.0,2084.0,511420000.0,1106866569.0
2014-12-29,2085.6,1333.0,1843.0,963006588.0,1413345448.0
2014-12-30,2076.5,1836.0,1325.0,1428176841.0,879012763.0
2014-12-31,2052.4,2044.0,1140.0,1862212532.0,624636280.0
2015-01-02,2046.0,1423.0,1744.0,1350022073.0,1305537329.0
2015-01-05,2016.2,2460.0,750.0,3246235308.0,446597345.0
2015-01-06,1994.9,2136.0,1041.0,3149157518.0,1242546742.0
2015-01-07,2020.0,761.0,2413.0,992721179.0,2733551484.0
2015-01-08,2054.5,741.0,2458.0,645366131.0,3144198704.0
2015-01-09,2035.3,1980.0,1171.0,2309180285.0,976268964.0
2015-01-12,2022.5,1965.0,1187.0,2290929353.0,1056742225.0
2015-01-13,2017.0,1661.0,1488.0,2575239268.0,1424522213.0
2015-01-14,2008.5,1909.0,1252.0,2895680576.0,1391532474.0
2015-01-15,1989.2,2052.0,1109.0,2908077770.0,1229690471.0
2015-01-16,2013.4,584.0,2592.0,503589124.0,3469373061.0
2015-01-20,2016.7,1943.0,1223.0,2319648846.0,1550244525.0
2015-01-21,2027.3,1144.0,2006.0,956629059.0,2669086799.0
2015-01-22,2057.0,694.0,2466.0,779370521.0,3300936924.0
2015-01-23,2043.7,1728.0,1400.0,2354553735.0,1176855375.0
2015-01-26,2053.7,987.0,2154.0,894747400.0,2451747094.0
2015-01-27,2029.5,1760.0,1381.0,2070332372.0,1170280082.0
2015-01-28,1992.0,2348.0,843.0,3600490074.0,414223407.0
2015-01-29,2019.0,1036.0,2128.0,1639750994.0,2378716460.0
2015-01-30,1991.0,2164.0,1019.0,3231706956.0,1244819679.0
2015-02-02,2016.8,864.0,2308.0,725976944.0,3182751868.0
2015-02-03,2041.8,657.0,2534.0,545446267.0,4027951477.0
2015-02-04,2029.5,2042.0,1110.0,2621763877.0,1399283860.0
2015-02-05,2054.5,779.0,2394.0,722667737.0,3004914240.0
2015-02-06,2053.2,1998.0,1181.0,2274248807.0,1883459070.0
2015-02-09,2042.2,1857.0,1312.0,1956114522.0,1505631806.0
2015-02-10,2062.2,1362.0,1794.0,1403816727.0,2170393114.0
2015-02-11,2065.5,1700.0,1457.0,1986304854.0,1488966953.0
2015-02-12,2084.0,733.0,2435.0,618533487.0,3081229943.0
2015-02-13,2093.0,1182.0,1968.0,1181960709.0,2259929064.0
2015-02-17,2096.0,1807.0,1378.0,1415827135.0,1845753240.0
2015-02-18,2095.5,1432.0,1733.0,1657907859.0,1630920368.0
2015-02-19,2095.3,1635.0,1499.0,1901336889.0,1264996627.0
2015-02-20,2107.3,1009.0,2143.0,1034511118.0,2174659473.0
2015-02-23,2106.5,1590.0,1565.0,1945429873.0,1060796639.0
2015-02-24,2113.5,1212.0,1949.0,1194620487.0,1940233373.0
2015-02-25,2110.4,1412.0,1737.0,1493987320.0,1724115430.0
2015-02-26,2109.8,1694.0,1452.0,2152871813.0,1129547250.0
2015-02-27,2105.3,1530.0,1621.0,1856817706.0,1541155135.0
2015-03-02,2114.5,1255.0,1905.0,1552691657.0,1807717682.0
2015-03-03,2104.8,1856.0,1297.0,1895035750.0,1278543196.0
2015-03-04,2096.6,1923.0,1208.0,2271877503.0,1023123947.0
2015-03-05,2099.5,1399.0,1701.0,1553684359.0,1461766929.0
2015-03-06,2070.7,2714.0,488.0,3149311179.0,668320774.0
2015-03-09,2077.7,1493.0,1657.0,1775611231.0,1483352143.0
2015-03-10,2042.0,2320.0,863.0,3142168365.0,450076193.0
2015-03-11,2039.2,1343.0,1799.0,1339073987.0,1990729687.0
2015-03-12,2064.0,860.0,2295.0,961063200.0,2385852002.0
2015-03-13,2049.0,2169.0,954.0,2423781111.0,869926147.0
2015-03-16,2077.0,1126.0,2034.0,782068814.0,2407581827.0
2015-03-17,2074.0,1658.0,1489.0,1676587299.0,1448564047.0
2015-03-18,2101.2,585.0,2602.0,664127994.0,3404556213.0
2015-03-19,2090.0,2024.0,1117.0,2411976908.0,821194384.0
2015-03-20,2099.0,655.0,2506.0,836893542.0,4226063436.0
2015-03-23,2095.0,1319.0,1809.0,1241074660.0,1937932621.0
2015-03-24,2085.0,1752.0,1384.0,1974375231.0,1144029210.0
2015-03-25,2053.2,2301.0,842.0,2539642394.0,869566408.0
2015-03-26,2048.5,1895.0,1219.0,2193627363.0,1244731157.0
2015-03-27,2052.8,1244.0,1882.0,1534568407.0,1372453278.0
2015-03-30,2075.5,822.0,2337.0,491755181.0,2378132477.0
2015-03-31,2059.0,1846.0,1295.0,2185419752.0,1092810946.0
2015-04-01,2053.0,1471.0,1654.0,1601644336.0,1854885723.0
2015-04-02,2059.8,1132.0,2004.0,707862459.0,2317795492.0
2015-04-06,2073.5,882.0,2248.0,759985145.0,2472429258.0
2015-04-07,2068.0,1736.0,1403.0,1666136529.0,1317652174.0
2015-04-08,2075.7,1234.0,1891.0,1332822578.0,1835272231.0
2015-04-09,2085.7,1544.0,1566.0,1306052839.0,1794418305.0
2015-04-10,2095.2,1246.0,1860.0,1026982497.0,2017615349.0
2015-04-13,2086.3,1945.0,1178.0,1721609693.0,1119311766.0
2015-04-14,2091.0,1181.0,1965.0,1027741138.0,2214589278.0
2015-04-15,2099.7,1046.0,2085.0,1227132218.0,2720531865.0
2015-04-16,2101.2,1748.0,1378.0,2048774568.0,1332320000.0
2015-04-17,2075.8,2510.0,629.0,2880367466.0,658451804.0
2015-04-20,2091.0,922.0,2189.0,988722189.0,1900166626.0
2015-04-21,2091.3,1543.0,1578.0,1989075785.0,1200133435.0
2015-04-22,2101.0,1294.0,1782.0,952020370.0,2317809653.0
2015-04-23,2107.0,1006.0,2086.0,1312014973.0,2255775180.0
2015-04-24,2111.5,1523.0,1582.0,1615630934.0,1670620649.0
2015-04-27,2104.5,1975.0,1158.0,1990479306.0,1353650508.0
2015-04-28,2112.0,1162.0,1966.0,1314969227.0,2145039947.0
2015-04-29,2098.6,2072.0,1065.0,2213278561.0,1782243442.0
2015-04-30,2081.0,2407.0,740.0,3100162972.0,1284856989.0
2015-05-01,2101.7,1242.0,1899.0,981332091.0,2336498266.0
2015-05-04,2109.7,1343.0,1792.0,1168390896.0,1860565766.0
2015-05-05,2084.3,2504.0,647.0,2932421827.0,780963703.0
2015-05-06,2074.5,2137.0,1028.0,2470329939.0,1234849411.0
2015-05-07,2084.7,1318.0,1816.0,1601902071.0,2001635891.0
2015-05-08,2108.5,632.0,2525.0,506002070.0,2828078365.0
2015-05-11,2098.0,2035.0,1115.0,1863211221.0,1067070149.0
2015-05-12,2095.0,1709.0,1414.0,1751269362.0,1306735869.0
2015-05-13,2094.5,1391.0,1753.0,1505978907.0,1762331610.0
2015-05-14,2117.5,767.0,2380.0,1026971449.0,2107804806.0
2015-05-15,2119.0,1320.0,1797.0,1283701392.0,1722474876.0
2015-05-18,2126.0,1375.0,1768.0,1239196084.0,1572297740.0
2015-05-19,2124.5,1879.0,1265.0,1996839773.0,1206281961.0
2015-05-20,2122.2,1491.0,1607.0,1465432608.0,1459395079.0
2015-05-21,2128.5,1394.0,1730.0,1170076247.0,1845594962.0
2015-05-22,2125.0,1947.0,1144.0,1618692225.0,885400607.0
2015-05-26,2105.2,2506.0,666.0,2811662629.0,448272486.0
2015-05-27,2120.5,837.0,2316.0,829605097.0,2212472335.0
2015-05-28,2122.0,1808.0,1308.0,1734186128.0,1134543498.0
2015-05-29,2107.8,2142.0,990.0,2646267029.0,1094468744.0
2015-06-01,2109.5,1466.0,1668.0,1408844548.0,1525312764.0
2015-06-02,2106.7,1439.0,1699.0,1100021769.0,1862684681.0
2015-06-03,2116.5,1552.0,1586.0,1430325413.0,1561919570.0
2015-06-04,2098.8,2412.0,721.0,2634043515.0,511687224.0
2015-06-05,2092.3,1671.0,1481.0,1479682944.0,1715584777.0
2015-06-08,2078.8,2191.0,931.0,2062744421.0,779610709.0
2015-06-09,2080.3,2011.0,1107.0,1588623509.0,1337717852.0
2015-06-10,2106.5,892.0,2256.0,594654395.0,2722248398.0
2015-06-11,2108.5,1227.0,1928.0,1392697860.0,1652035107.0
2015-06-12,2093.3,2009.0,1111.0,1927884683.0,673418409.0
2015-06-15,2084.5,2024.0,1125.0,2200026816.0,770116598.0
2015-06-16,2096.5,1140.0,1994.0,952818853.0,1852607383.0
2015-06-17,2098.0,1491.0,1655.0,1276132446.0,1850374315.0
2015-06-18,2123.5,1050.0,2111.0,968260852.0,2524923409.0
2015-06-19,2097.8,1853.0,1300.0,3026816947.0,1232598871.0
2015-06-22,2112.5,1284.0,1883.0,971772469.0,1979279751.0
2015-06-23,2116.5,1292.0,1841.0,1144548095.0,1821499973.0
2015-06-24,2099.5,2220.0,925.0,2330290184.0,644255658.0
2015-06-25,2094.0,2010.0,1128.0,2119853777.0,981861473.0
2015-06-26,2095.7,1786.0,1388.0,2225950439.0,2045707302.0
2015-06-29,2050.8,2914.0,309.0,3437361648.0,188299021.0
2015-06-30,2054.8,1252.0,1934.0,1805255981.0,2115770324.0
2015-07-01,2071.0,1199.0,1985.0,1645944011.0,1983949864.0
2015-07-02,2068.7,1570.0,1577.0,1545918143.0,1350175417.0
2015-07-06,2064.8,1992.0,1188.0,2550661043.0,885496763.0
2015-07-07,2073.7,1296.0,1873.0,1683419315.0,2688017079.0
2015-07-08,2039.0,2605.0,556.0,3310577216.0,217658639.0
2015-07-09,2041.3,1319.0,1838.0,1185990874.0,2182541133.0
2015-07-10,2068.7,658.0,2499.0,638373392.0,2352955069.0
2015-07-13,2094.5,848.0,2312.0,622597151.0,2393606987.0
2015-07-14,2102.3,1131.0,1985.0,875109862.0,2049097594.0
2015-07-15,2104.3,1875.0,1283.0,2086009515.0,1123103023.0
2015-07-16,2117.0,973.0,2215.0,1182646101.0,1998278330.0
2015-07-17,2118.5,2040.0,1108.0,2345155641.0,952514146.0
2015-07-20,2122.0,2122.0,1019.0,2220884481.0,922356862.0
2015-07-21,2115.0,1878.0,1267.0,1951906733.0,1281419438.0
2015-07-22,2108.0,1837.0,1327.0,2061635917.0,1544138027.0
2015-07-23,2098.7,2161.0,998.0,2617470042.0,1090821596.0
2015-07-24,2077.5,2301.0,862.0,3032650264.0,789421695.0
2015-07-27,2064.3,2299.0,876.0,2906455315.0,829130000.0
2015-07-28,2087.5,878.0,2298.0,542740609.0,3430292613.0
2015-07-29,2101.5,867.0,2287.0,838954443.0,3116891639.0
2015-07-30,2104.0,1552.0,1598.0,1978828734.0,1537476261.0
2015-07-31,2100.7,1170.0,1979.0,1888839041.0,1718976166.0
2015-08-03,2090.8,1908.0,1241.0,2459402711.0,951700211.0
2015-08-04,2083.3,1684.0,1446.0,1879261749.0,1606050005.0
2015-08-05,2094.5,1592.0,1553.0,2058270955.0,1780757416.0
2015-08-06,2079.5,1877.0,1282.0,2204035105.0,1986063239.0
2015-08-07,2073.5,1850.0,1304.0,2410884707.0,1141690534.0
2015-08-10,2100.0,774.0,2376.0,375259313.0,3016654014.0
2015-08-11,2079.3,1971.0,1193.0,2620727517.0,1037432560.0
2015-08-12,2084.5,1598.0,1567.0,1855997430.0,2291398287.0
2015-08-13,2080.3,1867.0,1242.0,1989999179.0,1117316310.0
2015-08-14,2089.3,998.0,2137.0,981494091.0,1773844961.0
2015-08-17,2099.5,1229.0,1938.0,886225285.0,1882606335.0
2015-08-18,2093.8,2036.0,1110.0,1775695285.0,1120723727.0
2015-08-19,2072.5,2329.0,811.0,2775934251.0,690846461.0
2015-08-20,2025.0,2681.0,502.0,3396053237.0,491851603.0
2015-08-21,1971.5,2717.0,481.0,293649258.0,338999539.0
2015-08-24,1872.0,3076.0,161.0,1220402360.0,194774572.0
2015-08-25,1871.5,1768.0,1408.0,3914829336.0,1147598578.0
2015-08-26,1940.0,649.0,2541.0,593294245.0,320654325.0
2015-08-27,1989.3,354.0,2861.0,227293999.0,326400394.0
2015-08-28,1988.5,1092.0,2072.0,1284101777.0,2580065951.0
2015-08-31,1963.5,1771.0,1381.0,2121296696.0,1685259258.0
2015-09-01,1916.0,2742.0,444.0,4140936057.0,179428239.0
2015-09-02,1946.5,824.0,2343.0,669705367.0,2972320304.0
2015-09-03,1945.5,1111.0,2025.0,997505475.0,2435033368.0
2015-09-04,1921.5,2383.0,768.0,2798356412.0,332180775.0
2015-09-08,1965.7,684.0,2492.0,411056180.0,3087087127.0
2015-09-09,1943.0,2340.0,808.0,2954598814.0,557242534.0
2015-09-10,1950.5,1457.0,1670.0,1518776512.0,2038838301.0
2015-09-11,1961.0,1458.0,1692.0,1476838361.0,1627817478.0
2015-09-14,1953.0,2093.0,1028.0,1915656355.0,1014041589.0
2015-09-15,1979.5,960.0,2169.0,619982751.0,2540765757.0
2015-09-16,1998.0,740.0,2420.0,386771275.0,3190748877.0
2015-09-17,1985.0,1242.0,1916.0,2104695327.0,1991593064.0
2015-09-18,1951.5,2183.0,968.0,514921003.0,802738915.0
2015-09-21,1963.0,1282.0,1881.0,1420674002.0,1772732225.0
2015-09-22,1932.5,2507.0,659.0,3231836511.0,515636155.0
2015-09-23,1928.5,1826.0,1301.0,2227123947.0,921573231.0
2015-09-24,1919.0,1870.0,1267.0,2316806658.0,1638732159.0
2015-09-25,1919.3,1634.0,1509.0,2029929144.0,1618715934.0
2015-09-28,1872.0,2862.0,329.0,4047091680.0,226194037.0
2015-09-29,1874.3,1776.0,1382.0,1930640940.0,2144402198.0
2015-09-30,1905.0,790.0,2386.0,570159982.0,3832713210.0
2015-10-01,1917.0,1609.0,1538.0,1827298659.0,2069254592.0
2015-10-02,1942.5,804.0,2364.0,732735678.0,3573718135.0
2015-10-05,1975.2,387.0,2808.0,254122751.0,4047071787.0
2015-10-06,1968.0,1412.0,1735.0,1543989180.0,2505878067.0
2015-10-07,1987.2,713.0,2441.0,845683422.0,3712315061.0
2015-10-08,2006.7,704.0,2451.0,672036711.0,3060321884.0
2015-10-09,2007.0,1355.0,1748.0,1761967475.0,1863379296.0
2015-10-12,2010.8,1500.0,1641.0,1774688349.0,1075378847.0
2015-10-13,1993.5,2285.0,881.0,2614431141.0,636652974.0
2015-10-14,1984.5,1881.0,1272.0,1850681041.0,1709859597.0
2015-10-15,2019.0,599.0,2564.0,727715181.0,2911731617.0
2015-10-16,2025.5,1285.0,1864.0,1676012438.0,1845356631.0
2015-10-19,2027.5,1684.0,1470.0,1864838312.0,1333267802.0
2015-10-20,2021.2,1223.0,1916.0,1393797793.0,1857054525.0
2015-10-21,2008.5,2222.0,914.0,2779952518.0,774201742.0
2015-10-22,2053.5,817.0,2352.0,1386935667.0,2952995828.0
2015-10-23,2066.0,1295.0,1847.0,1629102107.0,2346060132.0
2015-10-26,2062.3,1945.0,1204.0,2175087526.0,1140832433.0
2015-10-27,2060.5,2331.0,825.0,2903774308.0,1180793071.0
2015-10-28,2083.7,691.0,2462.0,1145226164.0,3522022191.0
2015-10-29,2083.0,1905.0,1218.0,2521868214.0,1374576683.0
2015-10-30,2073.5,1442.0,1691.0,2163238232.0,1896637598.0
2015-11-02,2095.0,612.0,2557.0,597837446.0,3130451836.0
2015-11-03,2102.5,1320.0,1829.0,1376137826.0,2792244349.0
2015-11-04,2094.0,1870.0,1262.0,2772482154.0,1179439021.0
2015-11-05,2093.8,1602.0,1519.0,2175842606.0,1736459819.0
2015-11-06,2094.0,1966.0,1210.0,2283594419.0,1982892366.0
2015-11-09,2073.0,2510.0,669.0,3066997403.0,734541452.0
2015-11-10,2077.7,1365.0,1788.0,1709324944.0,2014067785.0
2015-11-11,2068.5,1792.0,1347.0,2337167139.0,1270236590.0
2015-11-12,2040.5,2559.0,598.0,3523094197.0,403177021.0
2015-11-13,2018.0,1927.0,1207.0,2722549341.0,1423149459.0
2015-11-16,2048.0,892.0,2273.0,674852981.0,3000193576.0
2015-11-17,2048.8,1988.0,1179.0,3032891560.0,1323763621.0
2015-11-18,2080.0,721.0,2414.0,422619840.0,3416519518.0
2015-11-19,2079.0,1489.0,1643.0,1923170467.0,1643273592.0
2015-11-20,2088.5,1261.0,1848.0,1952752598.0,1858418815.0
2015-11-23,2084.0,1508.0,1616.0,1849798153.0,1619129232.0
2015-11-24,2084.8,1199.0,1931.0,1167267866.0,2534171028.0
2015-11-25,2087.8,1202.0,1902.0,1421692417.0,1312588785.0
2015-11-27,2089.8,1210.0,1856.0,796368860.0,578455900.0
2015-11-30,2082.7,1762.0,1373.0,2474256516.0,1574160236.0
2015-12-01,2100.0,930.0,2218.0,877649221.0,2722234392.0
2015-12-02,2081.8,2462.0,704.0,3052818745.0,807862686.0
2015-12-03,2051.5,2560.0,598.0,3169494051.0,1041132757.0
2015-12-04,2087.7,1083.0,2042.0,1562018149.0,2571246325.0
2015-12-07,2081.5,2522.0,637.0,3256430431.0,724322283.0
2015-12-08,2058.7,2083.0,1029.0,2898503722.0,1171541637.0
2015-12-09,2042.0,1892.0,1253.0,2091719139.0,2187306576.0
2015-12-10,2049.0,1582.0,1541.0,1449519712.0,2168674122.0
2015-12-11,2010.0,2789.0,404.0,3895956669.0,346731499.0
2015-12-14,2019.5,2334.0,830.0,2840537316.0,1624558193.0
2015-12-15,2044.0,700.0,2473.0,767698215.0,3518299817.0
2015-12-16,2073.7,572.0,2615.0,856830900.0,3656083039.0
2015-12-17,2037.0,2044.0,1106.0,3595279617.0,628712226.0
2015-12-18,1993.0,2045.0,1108.0,128302988.0,1636950498.0
2015-12-21,2015.0,1071.0,2058.0,1191725882.0,2444725035.0
2015-12-22,2036.1,755.0,2383.0,638928593.0,2802281931.0
2015-12-23,2053.0,458.0,2718.0,236294166.0,3188310858.0
2015-12-24,2045.0,1367.0,1691.0,773999156.0,588558243.0
2015-12-28,2050.5,1930.0,1211.0,1802483515.0,619777829.0
2015-12-29,2072.0,822.0,2313.0,577954679.0,1919340021.0
2015-12-30,2054.5,2212.0,938.0,2000956322.0,308176218.0
2015-12-31,2036.5,1932.0,1199.0,1559667176.0,986061997.0
2016-01-04,2009.5,2157.0,1005.0,2983318876.0,1198231130.0
2016-01-05,2011.7,1297.0,1844.0,1730440403.0,1848020667.0
2016-01-06,1986.5,2338.0,811.0,3623959530.0,633356655.0
2016-01-07,1932.0,2734.0,440.0,50274890.0,584632052.0
2016-01-08,1912.0,2149.0,998.0,3526212816.0,1027284681.0
2016-01-11,1914.4,2039.0,1098.0,2789843836.0,1773782857.0
2016-01-12,1924.7,1622.0,1493.0,2598789133.0,2061304470.0
2016-01-13,1881.5,2792.0,375.0,151591472.0,492291517.0
2016-01-14,1914.5,1024.0,2106.0,1242405539.0,3919338579.0
2016-01-15,1875.5,2612.0,557.0,417021272.0,609788249.0
2016-01-19,1873.0,2109.0,1036.0,3368710645.0,1392382127.0
2016-01-20,1854.0,2285.0,889.0,284314775.0,1575552228.0
2016-01-21,1861.0,1103.0,2036.0,1524014596.0,3430443827.0
2016-01-22,1899.5,342.0,2840.0,773508534.0,4084209005.0
2016-01-25,1870.0,2663.0,499.0,3688993478.0,459279963.0
2016-01-26,1895.0,543.0,2613.0,365597596.0,3932231705.0
2016-01-27,1875.0,1928.0,1186.0,2536059373.0,2137819926.0
2016-01-28,1880.0,1045.0,2099.0,2120738534.0,2497300544.0
2016-01-29,1929.0,355.0,2823.0,419881582.0,492241065.0
2016-02-01,1931.0,1587.0,1534.0,2335827134.0,1889495312.0
2016-02-02,1896.8,2504.0,634.0,3955122212.0,441475375.0
2016-02-03,1908.0,1129.0,1975.0,1748767125.0,3348626093.0
2016-02-04,1908.0,1137.0,1984.0,1539948363.0,3556083733.0
2016-02-05,1875.0,2380.0,747.0,3703738658.0,1160806195.0
2016-02-08,1852.5,2519.0,643.0,157107165.0,1026279364.0
2016-02-09,1848.5,2186.0,962.0,3285048574.0,1706784665.0
2016-02-10,1847.0,1461.0,1664.0,2341238789.0,2023865432.0
2016-02-11,1824.5,2565.0,591.0,4271898341.0,1053021633.0
2016-02-12,1858.0,658.0,2500.0,764771849.0,3859184837.0
2016-02-16,1888.5,603.0,2552.0,702012757.0,3779962225.0
2016-02-17,1922.7,537.0,2613.0,516877741.0,78733713.0
2016-02-18,1916.5,1515.0,1596.0,2599591718.0,1746159830.0
2016-02-19,1914.0,1568.0,1543.0,2684682153.0,1387250165.0
2016-02-22,1936.0,707.0,2418.0,416305748.0,3529834712.0
2016-02-23,1916.0,2102.0,1028.0,2989253040.0,786640672.0
2016-02-24,1930.0,1107.0,2006.0,1818795951.0,2408143790.0
2016-02-25,1950.5,812.0,2304.0,1100561117.0,2915765023.0
2016-02-26,1942.7,1193.0,1940.0,1529858836.0,2736294031.0
2016-02-29,1930.0,1481.0,1637.0,2286486119.0,2058296727.0
2016-03-01,1978.0,568.0,2587.0,1216385990.0,3556327170.0
2016-03-02,1983.5,1046.0,2075.0,721825693.0,3896165787.0
2016-03-03,1990.7,753.0,2353.0,913522201.0,4087441305.0
2016-03-04,1994.5,1098.0,2020.0,1438412421.0,4431079565.0
2016-03-07,1999.0,1042.0,2063.0,1277774707.0,3563798544.0
2016-03-08,1980.5,2345.0,762.0,3846900683.0,721109908.0
2016-03-09,1988.3,929.0,2169.0,1320000000.0,2618641232.0
2016-03-10,1989.5,1771.0,1317.0,2176555685.0,2136371110.0
2016-03-11,2019.5,524.0,2609.0,628422819.0,3383531024.0
2016-03-14,2019.5,1726.0,1351.0,2112622968.0,1299621368.0
2016-03-15,2015.3,2291.0,811.0,2676053730.0,833200855.0
2016-03-16,2027.0,594.0,2528.0,1006830082.0,2934279260.0
2016-03-17,2041.0,640.0,2488.0,976702815.0,3486779444.0
2016-03-18,2037.5,1200.0,1902.0,2463683194.0,3688679700.0
2016-03-21,2043.0,1529.0,1549.0,1536183059.0,1761117780.0
2016-03-22,2042.8,1625.0,1445.0,1928551339.0,1361845704.0
2016-03-23,2028.5,2301.0,811.0,3067994762.0,539182882.0
2016-03-24,2028.2,1503.0,1570.0,1437728584.0,1897552987.0
2016-03-28,2027.5,1319.0,1770.0,1345040552.0,1369932972.0
2016-03-29,2047.5,629.0,2476.0,1055261649.0,2641743252.0
2016-03-30,2055.0,1132.0,1931.0,1160425751.0,2303759157.0
2016-03-31,2053.5,1387.0,1696.0,1737355577.0,1834990301.0
2016-04-01,2064.5,1610.0,1484.0,1745737665.0,1918685840.0
2016-04-04,2057.8,2282.0,825.0,2542824781.0,890640437.0
2016-04-05,2039.0,2166.0,930.0,2707874354.0,1358736921.0
2016-04-06,2060.0,768.0,2321.0,796515980.0,2837635223.0
2016-04-07,2035.0,2384.0,710.0,2907016584.0,792994752.0
2016-04-08,2040.2,762.0,2337.0,889769330.0,2431543568.0
2016-04-11,2034.3,1245.0,1836.0,1295884728.0,2209933136.0
2016-04-12,2055.5,627.0,2455.0,599141903.0,3563946001.0
2016-04-13,2076.0,712.0,2412.0,983221624.0,3130524245.0
2016-04-14,2077.0,1699.0,1353.0,1992308721.0,1696729754.0
2016-04-15,2075.0,1432.0,1640.0,1877964003.0,1743461220.0
2016-04-18,2086.5,838.0,2256.0,861731231.0,2396409984.0
2016-04-19,2093.5,937.0,2148.0,767406499.0,3055728386.0
2016-04-20,2098.0,1310.0,1753.0,1476370753.0,2563168063.0
2016-04-21,2082.7,1949.0,1118.0,2785601399.0,1284525148.0
2016-04-22,2086.0,913.0,2165.0,1163946026.0,2534185167.0
2016-04-25,2083.0,2066.0,1021.0,2475782127.0,779180922.0
2016-04-26,2088.5,706.0,2374.0,758333321.0,2710058074.0
2016-04-27,2091.0,928.0,2164.0,973059302.0,3038896192.0
2016-04-28,2072.0,2004.0,1059.0,2819262264.0,1412513770.0
2016-04-29,2060.3,1750.0,1308.0,2754006555.0,1847862674.0
2016-05-02,2074.5,1133.0,1946.0,1694855652.0,2062420706.0
2016-05-03,2056.5,2330.0,767.0,3466856702.0,629958037.0
2016-05-04,2046.7,1857.0,1222.0,2893568200.0,1102721303.0
2016-05-05,2043.7,1609.0,1447.0,2249663995.0,1660424533.0
2016-05-06,2052.5,1083.0,1967.0,1404746385.0,2297180038.0
2016-05-09,2054.0,1646.0,1437.0,2330683316.0,1396093542.0
2016-05-10,2077.0,717.0,2357.0,675238611.0,2841649256.0
2016-05-11,2058.2,1952.0,1116.0,2376051923.0,1371078926.0
2016-05-12,2058.5,1593.0,1469.0,2316247404.0,1369720028.0
2016-05-13,2043.7,2049.0,1018.0,2785330987.0,693877055.0
2016-05-16,2062.7,735.0,2354.0,620863864.0,2786158353.0
2016-05-17,2044.0,1968.0,1106.0,2350538742.0,1658686845.0
2016-05-18,2041.5,2043.0,1051.0,2600688469.0,1415438531.0
2016-05-19,2038.5,2174.0,900.0,2428301593.0,1355143754.0
2016-05-20,2049.7,606.0,2471.0,911160768.0,2499248447.0
2016-05-23,2045.1,1557.0,1519.0,1757974582.0,1212849458.0
2016-05-24,2075.2,719.0,2355.0,1032847078.0,2546300064.0
2016-05-25,2087.5,980.0,2073.0,808307494.0,3003123437.0
2016-05-26,2090.0,1467.0,1603.0,1801749918.0,1326149287.0
2016-05-27,2097.0,1003.0,2069.0,1122011198.0,1840571405.0
2016-05-31,2095.0,1427.0,1652.0,1953145943.0,2230700945.0
2016-06-01,2098.0,1037.0,2027.0,1284616216.0,2152756354.0
2016-06-02,2103.5,1062.0,1992.0,1164159576.0,2341792906.0
2016-06-03,2097.7,1407.0,1672.0,1831483224.0,1703052908.0
2016-06-06,2108.0,937.0,2152.0,775303954.0,2599388271.0
2016-06-07,2110.5,1138.0,1914.0,1332079876.0,2097443848.0
2016-06-08,2118.0,986.0,2056.0,1128121320.0,2353189567.0
2016-06-09,2113.8,1899.0,1163.0,2184211461.0,1058338203.0
2016-06-10,2096.0,2460.0,597.0,2933905015.0,520710546.0
2016-06-13,2078.7,2317.0,757.0,2648456176.0,664574534.0
2016-06-14,2074.0,2002.0,1061.0,2690494866.0,991388714.0
2016-06-15,2071.5,1196.0,1865.0,1257573911.0,2190550774.0
2016-06-16,2079.5,1566.0,1494.0,2053432965.0,1471297138.0
2016-06-17,2079.12,1201.0,1872.0,1644943684.0,3076886086.0
2016-06-20,2074.0,717.0,2383.0,665689902.0,2743032036.0
2016-06-21,2080.5,1325.0,1719.0,1211347863.0,1918816936.0
2016-06-22,2076.5,1775.0,1268.0,1942883629.0,1119645781.0
2016-06-23,2106.0,527.0,2562.0,358995048.0,2871715784.0
2016-06-24,2019.0,2628.0,501.0,6133491972.0,589842182.0
2016-06-27,1985.5,2534.0,598.0,4578203759.0,691685888.0
2016-06-28,2028.3,465.0,2656.0,417754814.0,3895551572.0
2016-06-29,2066.2,453.0,2661.0,406433457.0,3782400126.0
2016-06-30,2088.5,651.0,2451.0,1029489328.0,3415253079.0
2016-07-01,2095.3,1106.0,1945.0,1070093055.0,2275889275.0
2016-07-05,2083.0,2266.0,827.0,2832608321.0,769243321.0
2016-07-06,2093.7,1091.0,1952.0,1199851962.0,2546628530.0
2016-07-07,2092.0,1396.0,1648.0,1744577913.0,1774755568.0
2016-07-08,2120.0,370.0,2711.0,212965102.0,3326076797.0
2016-07-11,2130.5,970.0,2099.0,866506718.0,2329774615.0
2016-07-12,2145.5,910.0,2169.0,842043367.0,3184047032.0
2016-07-13,2146.5,1627.0,1428.0,1892066775.0,1548284855.0
2016-07-14,2157.0,1325.0,1748.0,1014828052.0,2321594393.0
2016-07-15,2152.3,1388.0,1649.0,1552049588.0,1463905569.0
2016-07-18,2159.7,1117.0,1947.0,868664351.0,2034208189.0
2016-07-19,2158.5,1750.0,1283.0,1773538421.0,1073126400.0
2016-07-20,2167.5,1011.0,2037.0,1130619625.0,1979966489.0
2016-07-21,2157.8,1748.0,1287.0,1935919476.0,1405741487.0
2016-07-22,2167.5,1017.0,2003.0,1008268761.0,1952503920.0
2016-07-25,2162.0,1903.0,1131.0,1904063594.0,1048817397.0
2016-07-26,2163.0,1184.0,1851.0,1095060484.0,2283755205.0
2016-07-27,2160.5,1630.0,1412.0,2419523166.0,1477016632.0
2016-07-28,2164.3,1445.0,1570.0,1808090618.0,1756457927.0
2016-07-29,2171.0,1141.0,1915.0,1525618436.0,2396371586.0
2016-08-01,2165.0,1796.0,1242.0,2327635408.0,1060823410.0
2016-08-02,2152.5,2354.0,713.0,2793791708.0,1005637034.0
2016-08-03,2156.8,993.0,2054.0,967391504.0,2685451967.0
2016-08-04,2159.2,1302.0,1715.0,1539533906.0,1860268850.0
2016-08-05,2177.3,851.0,2174.0,1035736761.0,2518934099.0
2016-08-08,2175.7,1297.0,1691.0,1186742143.0,1996837016.0
2016-08-09,2177.5,1396.0,1620.0,1525245010.0,1720784695.0
2016-08-10,2172.5,1674.0,1348.0,1956300030.0,1240073644.0
2016-08-11,2181.5,1140.0,1908.0,880115554.0,2448984674.0
2016-08-12,2180.5,1560.0,1448.0,1563493125.0,1372183573.0
2016-08-15,2186.0,1079.0,1970.0,732802929.0,2281771522.0
2016-08-16,2177.0,2078.0,935.0,1989912777.0,1111406478.0
2016-08-17,2179.5,1439.0,1590.0,1776809964.0,1544516044.0
2016-08-18,2183.5,891.0,2136.0,1045545326.0,2160550900.0
2016-08-19,2181.5,1792.0,1216.0,1729266202.0,1266507737.0
2016-08-22,2181.3,1488.0,1521.0,1725583546.0,963790750.0
2016-08-23,2185.3,992.0,2046.0,947477733.0,2037721691.0
2016-08-24,2175.0,2122.0,922.0,2424192538.0,655845033.0
2016-08-25,2173.5,1341.0,1682.0,1232927644.0,1668554354.0
2016-08-26,2168.5,1820.0,1206.0,2017620097.0,1243966193.0
2016-08-29,2179.0,830.0,2201.0,456361191.0,2113108309.0
2016-08-30,2175.5,1551.0,1453.0,1551063431.0,1372030979.0
2016-08-31,2169.5,1867.0,1152.0,2274197806.0,1268746804.0
2016-09-01,2167.5,1575.0,1425.0,1828901195.0,1494487332.0
2016-09-02,2178.0,601.0,2434.0,487689773.0,2517088686.0
2016-09-06,2184.0,1246.0,1794.0,1156864129.0,2180877516.0
2016-09-07,2184.5,1146.0,1877.0,1327731320.0,1837895162.0
2016-09-08,2178.0,1656.0,1377.0,1670151835.0,1926963468.0
2016-09-09,2121.5,2951.0,173.0,3994826830.0,147627689.0
2016-09-12,2157.0,846.0,2204.0,596796565.0,3316556419.0
2016-09-13,2128.5,2756.0,338.0,3873447734.0,160229165.0
2016-09-14,2119.5,1569.0,1464.0,2313135119.0,1228944491.0
2016-09-15,2147.0,756.0,2269.0,624566917.0,2655007427.0
2016-09-16,2139.96,1946.0,1093.0,3253850279.0,1426850281.0
2016-09-19,2132.8,971.0,2056.0,1142861981.0,1849271187.0
2016-09-20,2131.5,1675.0,1338.0,1841833476.0,1190055817.0
2016-09-21,2156.5,420.0,2630.0,396765069.0,3222036570.0
2016-09-22,2167.5,538.0,2525.0,800291209.0,2631228913.0
2016-09-23,2158.5,2056.0,971.0,2206229850.0,924722362.0
2016-09-26,2139.5,2206.0,854.0,2232627612.0,880361612.0
2016-09-27,2152.7,1253.0,1785.0,1526054394.0,1813006455.0
2016-09-28,2162.8,753.0,2308.0,705749685.0,3094862675.0
2016-09-29,2149.0,2422.0,646.0,2992427479.0,1173226204.0
2016-09-30,2159.0,895.0,2154.0,1017217902.0,2996889860.0
2016-10-03,2153.0,1758.0,1283.0,1826722681.0,1230474229.0
2016-10-04,2144.7,2206.0,847.0,2526200833.0,1140128608.0
2016-10-05,2153.2,1183.0,1845.0,1098674920.0,2680710986.0
2016-10-06,2156.5,1665.0,1342.0,1876907109.0,1464369326.0
2016-10-07,2146.8,2073.0,913.0,2298972175.0,1153788707.0
2016-10-10,2159.0,847.0,2159.0,792570836.0,2034076453.0
2016-10-11,2134.0,2649.0,401.0,2886598266.0,426130680.0
2016-10-12,2131.5,1446.0,1558.0,1382513531.0,1498791581.0
2016-10-13,2126.2,2029.0,1026.0,2222513107.0,1231779108.0
2016-10-14,2126.8,1496.0,1517.0,1695887454.0,1396176691.0
2016-10-17,2123.0,1807.0,1222.0,1714479726.0,1031632876.0
2016-10-18,2131.5,725.0,2321.0,682919691.0,2394486523.0
2016-10-19,2138.2,909.0,2132.0,790681834.0,2496202114.0
2016-10-20,2136.5,1724.0,1259.0,1459304668.0,1805591643.0
2016-10-21,2134.5,1469.0,1539.0,1832586047.0,1514872151.0
2016-10-24,2144.0,1217.0,1803.0,1517337313.0,1753162165.0
2016-10-25,2138.0,1813.0,1185.0,2385910808.0,1225500920.0
2016-10-26,2134.0,1928.0,1092.0,2042018764.0,1658853358.0
2016-10-27,2123.3,2185.0,831.0,2521301449.0,1594576109.0
2016-10-28,2123.5,1801.0,1212.0,2351527446.0,1548144451.0
2016-10-31,2122.7,1487.0,1544.0,1884748725.0,1933542956.0
2016-11-01,2103.3,2292.0,746.0,3138252641.0,1300401604.0
2016-11-02,2092.5,2313.0,722.0,3312762096.0,828096654.0
2016-11-03,2083.7,1801.0,1201.0,2107238716.0,1635716360.0
2016-11-04,2079.0,1455.0,1541.0,1858224513.0,1900105777.0
2016-11-07,2129.5,551.0,2495.0,343741394.0,3343242666.0
2016-11-08,2135.3,1278.0,1712.0,1760049179.0,2089767731.0
2016-11-09,2160.1,1386.0,1697.0,1667309138.0,4422463020.0
2016-11-10,2166.5,1660.0,1433.0,2579442287.0,3793840144.0
2016-11-11,2161.0,1398.0,1652.0,2301105680.0,2586911337.0
2016-11-14,2160.5,1480.0,1598.0,1730902615.0,3511508293.0
2016-11-15,2179.0,859.0,2215.0,1286399647.0,3179111465.0
2016-11-16,2172.7,1454.0,1594.0,2335282250.0,1398090764.0
2016-11-17,2184.2,1440.0,1588.0,1534546739.0,2143293036.0
2016-11-18,2181.0,1592.0,1427.0,1929664610.0,1550535947.0
2016-11-21,2193.0,754.0,2255.0,752459723.0,2769254566.0
2016-11-22,2200.0,900.0,2133.0,1500335555.0,2361375249.0
2016-11-23,2200.7,1478.0,1517.0,1275831668.0,2051584198.0
2016-11-25,2211.5,1039.0,1895.0,565686811.0,952476789.0
2016-11-28,2200.7,1993.0,1032.0,2361036252.0,1078111931.0
2016-11-29,2203.7,1552.0,1468.0,2120049882.0,1450646995.0
2016-11-30,2199.0,1838.0,1192.0,2296314860.0,3072436056.0
2016-12-01,2192.0,1882.0,1154.0,2486730441.0,2452342251.0
2016-12-02,2192.0,1347.0,1652.0,1694484629.0,2013707025.0
2016-12-05,2204.0,861.0,2156.0,884931336.0,2934217901.0
2016-12-06,2210.5,870.0,2131.0,1012485402.0,2678162889.0
2016-12-07,2237.0,721.0,2311.0,958936255.0,3392068578.0
2016-12-08,2247.5,1155.0,1881.0,1464721604.0,2666986234.0
2016-12-09,2260.3,1528.0,1495.0,1617969488.0,2206876577.0
2016-12-12,2257.5,1942.0,1099.0,2464604244.0,1467911931.0
2016-12-13,2274.0,1232.0,1809.0,1328872366.0,2336896345.0
2016-12-14,2256.5,2428.0,605.0,3562881117.0,754136579.0
2016-12-15,2264.0,1337.0,1709.0,1714316117.0,2376220147.0
2016-12-16,2268.63,1312.0,1704.0,2667454492.0,2735450671.0
2016-12-19,2260.3,1153.0,1884.0,1445257170.0,1685665283.0
2016-12-20,2266.2,1076.0,1941.0,953449438.0,2202276393.0
2016-12-21,2260.2,1600.0,1418.0,1718340524.0,1044365746.0
2016-12-22,2258.5,1738.0,1249.0,1786667897.0,1011214527.0
2016-12-23,2259.7,1213.0,1763.0,727620464.0,1229642171.0
2016-12-27,2261.0,1154.0,1863.0,515292311.0,1392533628.0
2016-12-28,2245.4,2199.0,816.0,1869556732.0,471103282.0
2016-12-29,2245.0,1219.0,1783.0,1068497315.0,1174866712.0
2016-12-30,2234.5,1648.0,1360.0,1689952897.0,861457413.0
2017-01-03,2252.7,742.0,2308.0,761607645.0,2948315942.0
2017-01-04,2264.5,466.0,2606.0,523494968.0,3158974312.0
2017-01-05,2264.5,1661.0,1347.0,2031528150.0,1575714954.0
2017-01-06,2271.5,1584.0,1427.0,1815159607.0,1383314061.0
2017-01-09,2265.1,1942.0,1082.0,2270438674.0,897278479.0
2017-01-10,2263.5,1075.0,1924.0,1441166283.0,2137748128.0
2017-01-11,2270.8,911.0,2012.0,1250788494.0,2229320535.0
2017-01-12,2263.4,1793.0,1200.0,2166504650.0,1217247665.0
2017-01-13,2272.7,1111.0,1855.0,1313921475.0,1690186715.0
2017-01-17,2262.7,1657.0,1354.0,1849667611.0,1624052281.0
2017-01-18,2267.0,1380.0,1616.0,1503681240.0,1655671100.0
2017-01-19,2261.7,2226.0,772.0,2138654280.0,924481693.0
2017-01-20,2265.8,1064.0,1891.0,1117121007.0,2290364063.0
2017-01-23,2262.1,1357.0,1628.0,1833426059.0,1213480100.0
2017-01-24,2275.0,793.0,2234.0,952682575.0,2814348661.0
2017-01-25,2294.3,1080.0,1947.0,1106447029.0,2527801531.0
2017-01-26,2294.0,1558.0,1441.0,2130080325.0,1389076948.0
2017-01-27,2289.3,1700.0,1285.0,1831895424.0,1221005438.0
2017-01-30,2275.8,2115.0,914.0,2794078894.0,739999109.0
2017-01-31,2275.3,1096.0,1888.0,1852818389.0,2143642073.0
2017-02-01,2274.8,1536.0,1442.0,2143500513.0,1667539253.0
2017-02-02,2275.0,1343.0,1648.0,1642407388.0,2036346965.0
2017-02-03,2291.2,645.0,2378.0,787800148.0,2724167690.0
2017-02-06,2286.7,1844.0,1167.0,2028718853.0,1015407718.0
2017-02-07,2288.5,1613.0,1373.0,2189328239.0,1154337001.0
2017-02-08,2290.3,1305.0,1681.0,1519337258.0,1992732313.0
2017-02-09,2304.5,1028.0,1968.0,1079305215.0,2499224816.0
2017-02-10,2312.7,858.0,2150.0,1088502398.0,2304915104.0
2017-02-13,2326.5,1209.0,1788.0,1023105810.0,2247839335.0
2017-02-14,2337.5,1424.0,1574.0,1198724090.0,2227641044.0
2017-02-15,2350.5,1245.0,1761.0,1364055366.0,2234357972.0
2017-02-16,2345.5,1712.0,1292.0,2247981392.0,1234913283.0
2017-02-17,2347.8,1587.0,1382.0,1726623941.0,1615460304.0
2017-02-21,2359.5,867.0,2140.0,764124626.0,2610703630.0
2017-02-22,2361.2,1652.0,1315.0,2189827251.0,1211702240.0
2017-02-23,2363.2,1389.0,1616.0,2289983654.0,1592779414.0
2017-02-24,2364.5,1442.0,1550.0,2348090882.0,1403463421.0
2017-02-27,2368.3,1178.0,1814.0,1188457745.0,2195686679.0
2017-02-28,2363.0,1914.0,1083.0,2847116629.0,1127919479.0
2017-03-01,2393.3,995.0,2052.0,960123253.0,3305966618.0
2017-03-02,2382.0,2201.0,807.0,2609412967.0,965206874.0
2017-03-03,2380.5,1428.0,1536.0,1462231831.0,1961767368.0
2017-03-06,2375.4,2097.0,917.0,2408187994.0,755567630.0
2017-03-07,2366.5,2078.0,906.0,2564747706.0,787306112.0
2017-03-08,2364.3,2197.0,823.0,2379144838.0,1340901981.0
2017-03-09,2366.5,2101.0,905.0,2145001902.0,1448391656.0
2017-03-10,2372.0,979.0,2001.0,1134966077.0,2191988101.0
2017-03-13,2375.0,1196.0,1787.0,1201352013.0,1766671721.0
2017-03-14,2366.7,1980.0,1006.0,2246258071.0,804639170.0
2017-03-15,2383.7,407.0,2652.0,579058498.0,3222567123.0
2017-03-16,2382.5,1331.0,1679.0,1588864634.0,1640783781.0
2017-03-17,,1214.0,1807.0,2799303402.0,2088303741.0
2017-03-20,2370.3,1738.0,1234.0,1834010809.0,1126811225.0
2017-03-21,2342.5,2391.0,633.0,3612542749.0,563575572.0
2017-03-22,2342.8,1407.0,1602.0,1769761598.0,1712064554.0
2017-03-23,2339.5,1034.0,1937.0,1434749675.0,1682632320.0
2017-03-24,2345.0,1420.0,1537.0,1466204255.0,1397471114.0
2017-03-27,2339.0,1487.0,1499.0,1618439212.0,1504281657.0
2017-03-28,2351.5,772.0,2212.0,729646357.0,2556953686.0
2017-03-29,2357.2,1044.0,1953.0,975849275.0,2031480983.0
2017-03-30,2365.0,1176.0,1824.0,1369048099.0,1664122272.0
2017-03-31,2359.3,1208.0,1770.0,1608699298.0,1647966775.0
2017-04-03,2356.0,1671.0,1325.0,2173576438.0,1061015263.0
2017-04-04,2356.7,1462.0,1496.0,1462795617.0,1636748421.0
2017-04-05,2346.5,1973.0,1024.0,2722318915.0,915870159.0
2017-04-06,2353.9,716.0,2247.0,825892576.0,2276284532.0
2017-04-07,2352.2,1559.0,1398.0,1814401636.0,1116162794.0
2017-04-10,2353.0,973.0,2007.0,943727898.0,1757946279.0
2017-04-11,2351.5,1141.0,1849.0,1350302216.0,1663856389.0
2017-04-12,2340.5,2036.0,942.0,2257876062.0,849785084.0
2017-04-13,2327.5,2091.0,857.0,2617854883.0,430549788.0
2017-04-17,2344.7,764.0,2223.0,570689231.0,2140880629.0
2017-04-18,2337.5,1534.0,1414.0,1971344923.0,1202820834.0
2017-04-19,2333.7,1586.0,1378.0,2009541503.0,1387560044.0
2017-04-20,2352.0,852.0,2123.0,1005744782.0,2531573127.0
2017-04-21,2347.3,1591.0,1350.0,2288850554.0,1061656164.0
2017-04-24,2370.0,882.0,2114.0,826649168.0,2647160091.0
2017-04-25,2384.8,970.0,2017.0,1162577018.0,2683200205.0
2017-04-26,2382.3,1275.0,1724.0,1894561285.0,2066201401.0
2017-04-27,2386.0,1491.0,1492.0,2392300734.0,1527849102.0
2017-04-28,2380.7,1834.0,1151.0,2314850173.0,1188307549.0
2017-05-01,2387.5,1278.0,1696.0,1524918571.0,1568504147.0
2017-05-02,2385.7,1463.0,1498.0,1861394306.0,1843803475.0
2017-05-03,2383.5,1764.0,1207.0,2201527728.0,1568513459.0
2017-05-04,2385.5,1917.0,1089.0,2782948246.0,1467927163.0
2017-05-05,2397.7,822.0,2151.0,702462437.0,2661772301.0
2017-05-08,2394.5,1626.0,1352.0,1731248611.0,1541446101.0
2017-05-09,2393.2,1691.0,1292.0,1879856676.0,1595524995.0
2017-05-10,2395.5,1041.0,1939.0,898993417.0,2583500232.0
2017-05-11,2391.3,1832.0,1137.0,2344087692.0,1225733104.0
2017-05-12,2388.5,1676.0,1304.0,2011230825.0,1180677582.0
2017-05-15,2398.5,741.0,2225.0,736115022.0,2569552161.0
2017-05-16,2397.5,1626.0,1335.0,1937309950.0,1332880317.0
2017-05-17,2357.3,2399.0,648.0,3371698560.0,697178209.0
2017-05-18,2363.6,1462.0,1516.0,2188360403.0,1922687640.0
2017-05-19,2381.5,761.0,2246.0,558440956.0,3164091150.0
2017-05-22,2393.0,943.0,2026.0,1170558116.0,1873117967.0
2017-05-23,2398.0,1212.0,1765.0,1299503486.0,1786811927.0
2017-05-24,2401.5,1280.0,1681.0,1593341148.0,1695720225.0
2017-05-25,2413.5,1420.0,1569.0,1963935064.0,1480782233.0
2017-05-26,2413.8,1404.0,1561.0,1393601019.0,1301272426.0
2017-05-30,2411.0,1844.0,1151.0,1965237404.0,1108319259.0
2017-05-31,2414.0,1499.0,1495.0,2581725642.0,1690355444.0
2017-06-01,2430.0,545.0,2467.0,723546771.0,2963116730.0
2017-06-02,2438.0,1239.0,1737.0,1827112322.0,1479654239.0
2017-06-05,2434.7,1863.0,1131.0,1615427216.0,1177610323.0
2017-06-06,2430.7,1628.0,1358.0,1617229119.0,1616521337.0
2017-06-07,2431.5,1540.0,1424.0,1945896797.0,1501492301.0
2017-06-08,2433.0,1215.0,1709.0,1751117414.0,1846430207.0
2017-06-09,2431.0,1146.0,1847.0,1332411373.0,2569187080.0
2017-06-12,2428.7,1449.0,1529.0,1683841847.0,2225089905.0
2017-06-13,2440.5,874.0,2098.0,909788063.0,2193737770.0
2017-06-14,2437.3,1590.0,1402.0,2239360444.0,1213851711.0
2017-06-15,2434.3,1837.0,1142.0,2321381891.0,943334041.0
2017-06-16,,1252.0,1699.0,2502681205.0,2387162819.0
2017-06-19,2447.5,1091.0,1870.0,1055197425.0,2086072617.0
2017-06-20,2437.5,2114.0,856.0,2698322353.0,621264662.0
2017-06-21,2433.8,1935.0,1057.0,2440288818.0,1054883389.0
2017-06-22,2432.0,1231.0,1723.0,1292981808.0,2008354923.0
2017-06-23,2435.2,931.0,2022.0,1436674860.0,3141073277.0
2017-06-26,2436.5,1056.0,1933.0,921311305.0,2179289595.0
2017-06-27,2420.5,1956.0,1021.0,2128550274.0,1307427669.0
2017-06-28,2438.6,715.0,2292.0,666867039.0,2659340424.0
2017-06-29,2419.7,2104.0,900.0,2175557730.0,1488512650.0
2017-06-30,2420.5,1148.0,1819.0,1352600525.0,1854458337.0
2017-07-03,2425.2,839.0,2117.0,542845339.0,1345765518.0
2017-07-05,2428.3,1809.0,1154.0,2046077501.0,1163776459.0
2017-07-06,2408.3,2420.0,577.0,2808389772.0,437427081.0
2017-07-07,2422.7,915.0,2036.0,1174828869.0,1630753814.0
2017-07-10,2424.5,1455.0,1505.0,1251170190.0,1625049031.0
2017-07-11,2424.3,1384.0,1561.0,1285755335.0,1654432627.0
2017-07-12,2440.0,705.0,2275.0,844398712.0,2191704534.0
2017-07-13,2445.5,1409.0,1532.0,1060154361.0,1897119474.0
2017-07-14,2456.2,848.0,2113.0,783872405.0,1819330408.0
2017-07-17,2458.8,1304.0,1652.0,1150363608.0,1510591764.0
2017-07-18,2457.7,1519.0,1422.0,1681101950.0,1134993515.0
2017-07-19,2471.8,764.0,2193.0,551415288.0,2321253703.0
2017-07-20,2471.3,1445.0,1483.0,1783970803.0,1250062797.0
2017-07-21,2469.5,1550.0,1401.0,1832716107.0,1088377953.0
2017-07-24,2468.5,1650.0,1283.0,1700533022.0,1152491711.0
2017-07-25,2474.7,1140.0,1827.0,1117524207.0,2757843718.0
2017-07-26,2473.8,1454.0,1502.0,1977478070.0,1487390350.0
2017-07-27,2471.7,1610.0,1320.0,2081252531.0,1795851605.0
2017-07-28,2470.5,1347.0,1585.0,1757435167.0,1392776411.0
2017-07-31,2469.7,1400.0,1583.0,1574905587.0,1727800378.0
2017-08-01,2472.8,1169.0,1774.0,1535264788.0,1777531749.0
2017-08-02,2473.5,1764.0,1172.0,2024331364.0,1335176671.0
2017-08-03,2471.5,1691.0,1262.0,2135726893.0,1363883584.0
2017-08-04,2472.7,1294.0,1679.0,1158689527.0,1980615020.0
2017-08-07,2477.3,1536.0,1415.0,1510010062.0,1282318445.0
2017-08-08,2473.0,1868.0,1081.0,2023459013.0,1104007154.0
2017-08-09,2473.3,2063.0,907.0,2060176343.0,1081382326.0
2017-08-10,2437.7,2625.0,407.0,3038827007.0,483185115.0
2017-08-11,2440.3,1385.0,1589.0,1643146442.0,1328678714.0
2017-08-14,2463.6,718.0,2294.0,748442950.0,1939588635.0
2017-08-15,2463.5,1891.0,1083.0,1730913365.0,1056833377.0
2017-08-16,2467.5,1182.0,1798.0,1211478509.0,1648134371.0
2017-08-17,2429.9,2440.0,556.0,2663885268.0,396583711.0
2017-08-18,2426.7,1351.0,1550.0,1386241822.0,1371762600.0
2017-08-21,2428.0,1440.0,1486.0,1462099391.0,1175531986.0
2017-08-22,2453.3,844.0,2121.0,642892961.0,2033855980.0
2017-08-23,2441.5,1385.0,1555.0,1145403605.0,1548048833.0
2017-08-24,2441.0,1432.0,1478.0,1349059539.0,1333252190.0
2017-08-25,2443.0,957.0,1980.0,843146965.0,1623013694.0
2017-08-28,2443.5,1581.0,1381.0,1525097132.0,1018311993.0
2017-08-29,2447.0,1491.0,1438.0,1431433654.0,1171636957.0
2017-08-30,2456.2,1125.0,1832.0,1134125217.0,1388195397.0
2017-08-31,2469.3,775.0,2169.0,840820592.0,2323745752.0
2017-09-01,2475.0,889.0,2053.0,592396801.0,1990438796.0
2017-09-05,2460.5,2074.0,896.0,2108223049.0,1221912246.0
2017-09-06,2465.6,1114.0,1824.0,1003286066.0,2147222385.0
2017-09-07,2466.5,1434.0,1505.0,1621252518.0,1614323959.0
2017-09-08,2463.2,1599.0,1342.0,1981286011.0,1202855530.0
2017-09-11,2487.0,635.0,2334.0,652952304.0,2503862502.0
2017-09-12,2496.0,1089.0,1828.0,841171580.0,2279685375.0
2017-09-13,2496.5,1383.0,1529.0,1264388670.0,1988631222.0
2017-09-14,2496.5,1403.0,1556.0,1607081030.0,1655744823.0
2017-09-15,,1068.0,1860.0,1845045316.0,2668704178.0
2017-09-18,2502.7,1273.0,1676.0,1177152433.0,1875913204.0
2017-09-19,2505.0,1385.0,1552.0,1472694156.0,1632372623.0
2017-09-20,2505.5,1299.0,1623.0,1340475844.0,2016144985.0
2017-09-21,2500.8,1663.0,1260.0,1618771356.0,1164415667.0
2017-09-22,2499.5,1061.0,1884.0,983330302.0,1734974958.0
2017-09-25,2497.0,1274.0,1649.0,1306039012.0,1812717766.0
2017-09-26,2495.5,1282.0,1665.0,1366520403.0,1532949310.0
2017-09-27,2504.5,1286.0,1678.0,1291063118.0,2010737340.0
2017-09-28,2507.7,1191.0,1737.0,1364946397.0,1617064057.0
2017-09-29,2517.0,1160.0,1784.0,1318800445.0,1759646366.0
2017-10-02,2526.5,1072.0,1883.0,1013170814.0,1955166897.0
2017-10-03,2533.0,1276.0,1646.0,1007535265.0,1888245472.0
2017-10-04,2536.3,1485.0,1419.0,1559379358.0,1316879377.0
2017-10-05,2550.0,1142.0,1803.0,977693476.0,1872222371.0
2017-10-06,2545.3,1867.0,1069.0,1720030610.0,974579732.0
2017-10-09,2544.0,1610.0,1253.0,1490302392.0,871591460.0
2017-10-10,2548.8,1015.0,1892.0,1093044140.0,1679293164.0
2017-10-11,2553.3,1091.0,1723.0,1309682502.0,1518739741.0
2017-10-12,2549.5,1383.0,1541.0,1839926090.0,1168164502.0
2017-10-13,2552.5,1185.0,1736.0,1323365703.0,1706100265.0
2017-10-16,2556.0,1485.0,1446.0,1423707793.0,1405791800.0
2017-10-17,2557.3,1660.0,1262.0,1552801554.0,1210002140.0
2017-10-18,2560.0,1422.0,1525.0,1457579136.0,1418882104.0
2017-10-19,2560.8,1426.0,1478.0,1339087153.0,1473536696.0
2017-10-20,2574.0,1168.0,1793.0,1254089741.0,1996707728.0
2017-10-23,2563.5,1928.0,1011.0,2331989696.0,738602212.0
2017-10-24,2567.0,1345.0,1593.0,1430582933.0,1851492440.0
2017-10-25,2558.5,2215.0,764.0,2822547529.0,924438440.0
2017-10-26,2561.8,1410.0,1550.0,1827956059.0,1902950686.0
2017-10-27,2578.7,1111.0,1824.0,1610473875.0,2164333407.0
2017-10-30,2568.5,1800.0,1163.0,2107823501.0,1316859400.0
2017-10-31,2572.3,1105.0,1855.0,1702445279.0,1998398518.0
2017-11-01,2574.7,1384.0,1559.0,1578597378.0,2134391846.0
2017-11-02,2576.7,1492.0,1467.0,2305936179.0,1607681723.0
2017-11-03,2582.5,1515.0,1406.0,1747936051.0,1688333857.0
2017-11-06,2588.8,1235.0,1735.0,1266782404.0,2156318622.0
2017-11-07,2586.5,1703.0,1271.0,2142794850.0,1500054532.0
2017-11-08,2591.2,1439.0,1495.0,1900491066.0,1772345559.0
2017-11-09,2583.7,1822.0,1112.0,1986248614.0,1679430959.0
2017-11-10,2580.0,1676.0,1269.0,1672149626.0,1653611238.0
2017-11-13,2581.7,1639.0,1325.0,1948213534.0,1333011063.0
2017-11-14,2578.0,1763.0,1218.0,2441115876.0,1126510207.0
2017-11-15,2565.3,1910.0,1046.0,2059762761.0,1385365633.0
2017-11-16,2585.0,752.0,2225.0,943105520.0,2268402940.0
2017-11-17,2576.3,1039.0,1916.0,1083971948.0,2130043794.0
2017-11-20,2582.2,1189.0,1764.0,1245850821.0,1650000000.0
2017-11-21,2596.5,969.0,2010.0,1340562807.0,1911824080.0
2017-11-22,2594.5,1301.0,1660.0,1058542024.0,1607575375.0
2017-11-24,2600.5,1111.0,1762.0,548297837.0,805625500.0
2017-11-27,2601.5,1829.0,1122.0,1802632175.0,1021634969.0
2017-11-28,2625.5,946.0,2024.0,771861625.0,2569802405.0
2017-11-29,2625.0,1486.0,1500.0,1427961130.0,2522369230.0
2017-11-30,2641.5,1256.0,1734.0,1861702009.0,2887625427.0
2017-12-01,2644.0,1448.0,1533.0,1699940909.0,2152432609.0
2017-12-04,2638.3,1460.0,1506.0,1651902989.0,2258765330.0
2017-12-05,2628.2,1902.0,1080.0,2446101604.0,979940000.0
2017-12-06,2629.5,1712.0,1250.0,2063791662.0,1070000000.0
2017-12-07,2639.7,1097.0,1848.0,1102041769.0,2058502671.0
2017-12-08,2651.0,1171.0,1763.0,784165240.0,2137684504.0
2017-12-11,2662.0,1375.0,1595.0,1125258108.0,1851441910.0
2017-12-12,2665.0,1616.0,1354.0,1553090391.0,1915241005.0
2017-12-13,2666.7,1308.0,1661.0,1725241310.0,1698042743.0
2017-12-14,2652.8,1934.0,1044.0,2377370417.0,980173440.0
2017-12-15,,927.0,2057.0,1315866681.0,3945426330.0
2017-12-18,2694.0,875.0,2119.0,791459131.0,2822859935.0
2017-12-19,2684.3,1909.0,1053.0,2083576189.0,1165077527.0
2017-12-20,2681.7,1474.0,1486.0,1373728548.0,1745115359.0
2017-12-21,2688.0,1163.0,1797.0,901738137.0,2266758278.0
2017-12-22,2686.2,1453.0,1479.0,1084486144.0,1205750876.0
2017-12-26,2687.2,1278.0,1666.0,646762245.0,1272418036.0
2017-12-27,2685.2,1299.0,1627.0,1106998351.0,927250786.0
2017-12-28,2685.5,1008.0,1934.0,648248559.0,1415876385.0
2017-12-29,2673.0,1734.0,1201.0,1538851898.0,817390396.0
2018-01-02,2693.0,1160.0,1852.0,782369694.0,2434309746.0
2018-01-03,2710.2,1211.0,1757.0,1310919473.0,2109544122.0
2018-01-04,2724.0,1208.0,1755.0,1378976076.0,2225950779.0
2018-01-05,2742.5,1172.0,1794.0,1219754537.0,1919730137.0
2018-01-08,2747.2,1240.0,1719.0,1434581547.0,1701086589.0
2018-01-09,2752.5,1734.0,1232.0,1802205102.0,1580442178.0
2018-01-10,2750.7,1800.0,1141.0,1619911262.0,1828485501.0
2018-01-11,2769.5,683.0,2293.0,614242348.0,2900976584.0
2018-01-12,2788.5,1370.0,1588.0,1268214280.0,2247817631.0
2018-01-16,2782.0,2000.0,966.0,2703737852.0,1329040311.0
2018-01-17,2803.8,1040.0,1920.0,1280053793.0,2377489908.0
2018-01-18,2796.5,2157.0,826.0,2388531465.0,1174807846.0
2018-01-19,2811.5,995.0,1969.0,1330737346.0,2251679947.0
2018-01-22,2835.0,1075.0,1866.0,996147298.0,2366592575.0
2018-01-23,2839.5,1124.0,1824.0,1608615965.0,1807412699.0
2018-01-24,2841.5,1664.0,1301.0,1825130185.0,2137121884.0
2018-01-25,2840.5,1605.0,1353.0,2170608739.0,1502590267.0
2018-01-26,2874.5,1344.0,1631.0,1034202777.0,2266336146.0
2018-01-29,2853.5,2467.0,557.0,2546895924.0,937928119.0
2018-01-30,2824.0,2420.0,586.0,3222614260.0,653013081.0
2018-01-31,2829.0,1379.0,1599.0,2065474425.0,2064395867.0
2018-02-01,2822.0,1662.0,1322.0,1896539276.0,1979691285.0
2018-02-02,2757.2,2728.0,323.0,3901084060.0,319532510.0
2018-02-05,2605.0,2739.0,324.0,5019660499.0,166371281.0
2018-02-06,2689.5,850.0,2183.0,1193417717.0,4533571212.0
2018-02-07,2668.5,1435.0,1555.0,2470013898.0,1978426954.0
2018-02-08,2593.0,2683.0,342.0,4678315324.0,552562201.0
2018-02-09,2620.0,1228.0,1784.0,1765514700.0,3820899993.0
2018-02-12,2655.0,812.0,2195.0,742705888.0,3190823410.0
2018-02-13,2661.5,1280.0,1698.0,1511405852.0,1857123645.0
2018-02-14,2696.5,934.0,2079.0,673366976.0,3265564080.0
2018-02-15,2735.0,925.0,2068.0,1011104592.0,2543625761.0
2018-02-16,2735.2,1224.0,1745.0,1596541953.0,1935046814.0
2018-02-20,2714.5,1979.0,990.0,2418582276.0,1083972953.0
2018-02-21,2699.0,1610.0,1382.0,2643200515.0,1057053023.0
2018-02-22,2711.5,1418.0,1564.0,1595887748.0,1998497589.0
2018-02-23,2748.5,549.0,2430.0,533832267.0,2516594298.0
2018-02-26,2784.5,998.0,1977.0,956703096.0,2371794102.0
2018-02-27,2747.5,2301.0,683.0,3179750737.0,495153113.0
2018-02-28,2718.0,2113.0,864.0,3292633869.0,776447512.0
2018-03-01,2679.0,1774.0,1185.0,2803383458.0,1621886472.0
2018-03-02,2690.0,1086.0,1854.0,1192457342.0,2617016349.0
2018-03-05,2719.0,779.0,2174.0,627839313.0,2987254414.0
2018-03-06,2723.5,923.0,2033.0,1220373064.0,2090724279.0
2018-03-07,2724.0,1408.0,1543.0,1888349116.0,1413466987.0
2018-03-08,2738.5,1251.0,1709.0,1412699780.0,1677937419.0
2018-03-09,2784.5,794.0,2183.0,669710439.0,2607001934.0
2018-03-12,2783.8,1311.0,1616.0,1280216909.0,1849430937.0
2018-03-13,2767.0,1771.0,1198.0,2171403909.0,1061614035.0
2018-03-14,2750.0,1703.0,1247.0,2141179342.0,1160291873.0
2018-03-15,2750.0,1844.0,1078.0,2304719837.0,1105395780.0
2018-03-16,,973.0,1975.0,1484964812.0,3745479621.0
2018-03-19,2722.0,2344.0,646.0,2853074905.0,399059073.0
2018-03-20,2723.5,1659.0,1308.0,1750094668.0,1397970696.0
2018-03-21,2718.2,1251.0,1706.0,1315904397.0,2051043669.0
2018-03-22,2643.5,2420.0,572.0,3314482436.0,352024984.0
2018-03-23,2596.5,2380.0,600.0,3103576621.0,638276109.0
2018-03-26,2658.7,689.0,2317.0,514163049.0,2947924803.0
2018-03-27,2614.5,2029.0,957.0,2771155844.0,874340882.0
2018-03-28,2607.0,1426.0,1536.0,1858884288.0,1849171442.0
2018-03-29,2636.2,648.0,2332.0,660316076.0,2851285658.0
2018-04-02,2574.0,2425.0,580.0,3224101280.0,317358047.0
2018-04-03,2612.5,779.0,2201.0,603696889.0,2708787054.0
2018-04-04,2646.5,916.0,2033.0,866797502.0,2425185923.0
2018-04-05,2661.0,790.0,2148.0,622760909.0,2529295931.0
2018-04-06,2604.0,2315.0,627.0,2940698758.0,307394707.0
2018-04-09,2620.0,1515.0,1408.0,1490269801.0,1454837390.0
2018-04-10,2655.0,735.0,2243.0,461924707.0,3067911811.0
2018-04-11,2642.0,1443.0,1487.0,1490036651.0,1478737799.0
2018-04-12,2664.0,1351.0,1606.0,1223523122.0,1782232725.0
2018-04-13,2658.0,1654.0,1273.0,1694302881.0,1204979041.0
2018-04-16,2681.5,814.0,2151.0,811096191.0,2164356361.0
2018-04-17,2706.8,794.0,2161.0,763375752.0,2329640655.0
2018-04-18,2710.0,1309.0,1626.0,1296255723.0,2041818193.0
2018-04-19,2692.5,2013.0,906.0,1990988833.0,1257112877.0
2018-04-20,2672.0,1960.0,979.0,2204329624.0,1142694773.0
2018-04-23,2671.5,1588.0,1331.0,1403451442.0,1547522827.0
2018-04-24,2635.0,1898.0,1050.0,2258012733.0,1393958109.0
2018-04-25,2644.0,1673.0,1288.0,1729116473.0,1744076063.0
2018-04-26,2674.5,981.0,1999.0,1295861883.0,2298326747.0
2018-04-27,2671.3,1256.0,1699.0,1427579531.0,1708376206.0
2018-04-30,2647.5,1850.0,1105.0,2543859647.0,1114834890.0
2018-05-01,2652.5,1385.0,1561.0,1941269725.0,1541596561.0
2018-05-02,2627.5,1518.0,1406.0,2373726590.0,1546566723.0
2018-05-03,2631.5,1717.0,1226.0,2343759257.0,1449000205.0
2018-05-04,2664.0,746.0,2239.0,585936148.0,2709668130.0
2018-05-07,2670.0,1087.0,1871.0,1187699460.0,1981020879.0
2018-05-08,2670.5,1446.0,1502.0,1680586057.0,1902161502.0
2018-05-09,2696.0,1118.0,1849.0,1197974271.0,2620902472.0
2018-05-10,2718.8,837.0,2126.0,786262504.0,2466198065.0
2018-05-11,2729.5,1315.0,1627.0,1313134377.0,1470528535.0
2018-05-14,2731.0,1551.0,1411.0,1377842677.0,1541824038.0
2018-05-15,2709.0,1890.0,1072.0,1898094053.0,1282538105.0
2018-05-16,2723.0,1030.0,1924.0,967794372.0,2190762835.0
2018-05-17,2719.0,1346.0,1592.0,1435093412.0,1906530115.0
2018-05-18,2713.5,1424.0,1506.0,2000986624.0,1256507608.0
2018-05-21,2733.0,896.0,2080.0,842470281.0,2126870259.0
2018-05-22,2726.0,1769.0,1186.0,2050688340.0,1259183608.0
2018-05-23,2730.7,1402.0,1528.0,1769251311.0,1462989080.0
2018-05-24,2728.0,1477.0,1467.0,1808395938.0,1389474438.0
2018-05-25,2718.0,1581.0,1352.0,1905880316.0,1029161057.0
2018-05-29,2692.0,1732.0,1234.0,2684874450.0,965785355.0
2018-05-30,2724.0,570.0,2412.0,437161082.0,3016969867.0
2018-05-31,2705.5,1885.0,1094.0,2935804921.0,1095893570.0
2018-06-01,2734.0,884.0,2092.0,1156613771.0,2480879307.0
2018-06-04,2746.0,1023.0,1929.0,1225394175.0,2040640380.0
2018-06-05,2751.7,1201.0,1769.0,1535916826.0,1869080948.0
2018-06-06,2772.0,1055.0,1904.0,1016681034.0,2573273610.0
2018-06-07,2773.8,1345.0,1609.0,1654931530.0,1985009399.0
2018-06-08,2779.1,1219.0,1741.0,1026531237.0,2044457883.0
2018-06-11,2782.0,1318.0,1624.0,1154117787.0,2033941983.0
2018-06-12,2784.0,1481.0,1463.0,1495523782.0,1768771477.0
2018-06-13,2773.5,1963.0,999.0,2555196512.0,1152860248.0
2018-06-14,2782.5,1264.0,1675.0,1670151557.0,1768951500.0
2018-06-15,,1545.0,1403.0,3126640752.0,2193057237.0
2018-06-18,2779.5,1304.0,1657.0,1324031336.0,1888142499.0
2018-06-19,2766.3,1686.0,1261.0,2059182920.0,1493022662.0
2018-06-20,2772.0,1153.0,1807.0,1292562937.0,1958359911.0
2018-06-21,2752.0,2014.0,946.0,2267930854.0,975458313.0
2018-06-22,2759.5,994.0,1962.0,1772971534.0,3426545203.0
2018-06-25,2723.0,2262.0,720.0,2842069655.0,774418665.0
2018-06-26,2728.5,1175.0,1800.0,1301562151.0,2171697669.0
2018-06-27,2704.3,2130.0,857.0,2518014168.0,1207160424.0
2018-06-28,2719.0,1194.0,1787.0,1242428391.0,2160779985.0
2018-06-29,2723.3,1237.0,1725.0,1660588158.0,1826183635.0
2018-07-02,2727.0,1361.0,1618.0,1630406007.0,1373530788.0
2018-07-03,2713.5,1071.0,1858.0,699687536.0,1130059313.0
2018-07-05,2738.7,788.0,2211.0,678430019.0,2224826405.0
2018-07-06,2763.3,764.0,2195.0,428147202.0,2096324783.0
2018-07-09,2787.5,1089.0,1897.0,881336772.0,2132445199.0
2018-07-10,2796.5,1455.0,1515.0,1255858388.0,1730285713.0
2018-07-11,2773.5,2113.0,843.0,2322399317.0,587169588.0
2018-07-12,2798.8,1142.0,1833.0,1004798830.0,1714818391.0
2018-07-13,2803.5,1504.0,1458.0,1402000005.0,1125993875.0
2018-07-16,2797.0,1952.0,1001.0,1683574552.0,1083719199.0
2018-07-17,2811.0,1249.0,1693.0,1206332197.0,1759732952.0
2018-07-18,2815.0,1356.0,1607.0,1353782262.0,1686962042.0
2018-07-19,2805.0,1185.0,1771.0,1675212698.0,1499115597.0
2018-07-20,2800.5,1547.0,1374.0,1787791788.0,1373856060.0
2018-07-23,2812.3,1683.0,1257.0,1456974577.0,1372850979.0
2018-07-24,2820.5,1609.0,1343.0,1474362561.0,1829744089.0
2018-07-25,2841.5,1114.0,1853.0,1292191809.0,2210947286.0
2018-07-26,2842.5,1219.0,1740.0,1571393250.0,2004937580.0
2018-07-27,2817.0,2005.0,953.0,2029828857.0,1340833878.0
2018-07-30,2803.0,1581.0,1375.0,1461158513.0,1721427243.0
2018-07-31,2824.0,976.0,2010.0,1370535750.0,2450812042.0
2018-08-01,2810.5,1857.0,1112.0,2254927076.0,1197491659.0
2018-08-02,2828.5,1197.0,1749.0,1520637472.0,1914375624.0
2018-08-03,2839.2,1219.0,1739.0,1042921975.0,1950005540.0
2018-08-06,2850.1,1194.0,1767.0,1233293882.0,1576864803.0
2018-08-07,2860.0,1382.0,1566.0,1387140148.0,1692141966.0
2018-08-08,2856.0,1559.0,1350.0,1689686533.0,1190711091.0
2018-08-09,2854.0,1449.0,1469.0,1698833424.0,1290406259.0
2018-08-10,2836.5,1946.0,988.0,2218219403.0,832314020.0
2018-08-13,2825.3,1922.0,1032.0,2411554369.0,700325495.0
2018-08-14,2841.0,830.0,2153.0,806425379.0,2123952068.0
2018-08-15,2821.0,1999.0,976.0,2779028724.0,834468620.0
2018-08-16,2844.2,755.0,2206.0,818341422.0,2344134374.0
2018-08-17,2852.5,896.0,2057.0,630418114.0,2259512380.0
2018-08-20,2858.8,922.0,2028.0,794490103.0,1868882394.0
2018-08-21,2861.5,1054.0,1906.0,1102593922.0,1975557830.0
2018-08-22,2861.0,1402.0,1507.0,1259557015.0,1356109972.0
2018-08-23,2858.0,1914.0,1025.0,1858837380.0,825245803.0
2018-08-24,2876.5,878.0,2013.0,769449138.0,1746992001.0
2018-08-27,2898.7,1128.0,1822.0,743249573.0,2043836750.0
2018-08-28,2899.3,1544.0,1383.0,1531947717.0,1050433456.0
2018-08-29,2914.5,1176.0,1728.0,1054406296.0,1642234322.0
2018-08-30,2901.5,1874.0,1043.0,2062422368.0,658937425.0
2018-08-31,2905.5,1351.0,1569.0,1474618962.0,1350789048.0
2018-09-04,2898.5,1913.0,1052.0,2034955753.0,974205810.0
2018-09-05,2888.5,1626.0,1316.0,1559689969.0,1615642393.0
2018-09-06,2879.5,1316.0,927.0,1018754403.0,565755691.0
2018-09-07,2874.5,1984.0,960.0,1723752926.0,1192676918.0
2018-09-10,2880.5,1120.0,1803.0,1184455203.0,1485864623.0
2018-09-11,2889.8,1422.0,1509.0,1232443903.0,1576325480.0
2018-09-12,2888.3,1299.0,1633.0,1196684426.0,2033318531.0
2018-09-13,2904.5,1277.0,1679.0,1443367691.0,1754363327.0
2018-09-14,2906.5,1418.0,1509.0,1474581638.0,1605750947.0
2018-09-17,2891.0,1782.0,1145.0,1436255904.0,1448950693.0
2018-09-18,2906.0,1317.0,1653.0,1045016389.0,1947618457.0
2018-09-19,2909.0,1647.0,1303.0,1199955271.0,2018424240.0
2018-09-20,2933.0,969.0,1998.0,720736064.0,2549778157.0
2018-09-21,,1440.0,1471.0,2456636068.0,3015772574.0
2018-09-24,2925.8,2005.0,967.0,2320313020.0,1002991454.0
2018-09-25,2921.0,1650.0,1307.0,1756639009.0,1494799736.0
2018-09-26,2912.0,1858.0,1091.0,2411542205.0,940259292.0
2018-09-27,2919.8,1306.0,1633.0,1435575699.0,1563466223.0
2018-09-28,2919.8,1305.0,1658.0,1676778563.0,1650531865.0
2018-10-01,2930.3,1794.0,1215.0,1447610770.0,1855247489.0
2018-10-02,2928.5,1801.0,1178.0,1791520685.0,1539581034.0
2018-10-03,2931.7,1527.0,1475.0,1300137444.0,2172747725.0
2018-10-04,2908.0,2417.0,625.0,2225801787.0,1192444896.0
2018-10-05,2894.3,2018.0,990.0,2050220670.0,1213921068.0
2018-10-08,2893.5,1481.0,1502.0,1122969798.0,2181273420.0
2018-10-09,2888.0,1567.0,1412.0,1983626506.0,1464805347.0
2018-10-10,2779.8,2686.0,342.0,4062158247.0,417619976.0
2018-10-11,2744.5,2386.0,640.0,4045522466.0,821610573.0
2018-10-12,2767.5,1280.0,1729.0,1399133355.0,2529303466.0
2018-10-15,2749.0,1224.0,1773.0,1357314545.0,1884760693.0
2018-10-16,2817.0,464.0,2566.0,598963913.0,2797716312.0
2018-10-17,2815.5,1857.0,1106.0,1856646125.0,1412535250.0
2018-10-18,2772.0,2285.0,707.0,2913761003.0,670893007.0
2018-10-19,2768.0,1521.0,1454.0,1679380622.0,1826122994.0
2018-10-22,2756.5,1758.0,1239.0,2177420876.0,1052254809.0
2018-10-23,2746.5,2090.0,929.0,2969286213.0,1328045890.0
2018-10-24,2665.0,2341.0,682.0,4050334892.0,589485314.0
2018-10-25,2685.0,829.0,2178.0,1239776190.0,3339013565.0
2018-10-26,2669.0,2163.0,831.0,3526257644.0,1187880499.0
2018-10-29,2643.5,1723.0,1275.0,2781929045.0,1861406601.0
2018-10-30,2684.5,899.0,2098.0,1308361008.0,3753770156.0
2018-10-31,2706.5,1205.0,1806.0,1862399571.0,3180843150.0
2018-11-01,2737.5,750.0,2262.0,1427801456.0,3239295380.0
2018-11-02,2724.7,1704.0,1285.0,2421713890.0,1759588971.0
2018-11-05,2739.0,1064.0,1930.0,1078496819.0,2479210083.0
2018-11-06,2758.3,1125.0,1867.0,1266670632.0,2178509728.0
2018-11-07,2816.0,733.0,2281.0,908058686.0,2934700979.0
2018-11-08,2809.3,1584.0,1408.0,2347163125.0,1236560398.0
2018-11-09,2778.5,2009.0,960.0,2765404390.0,1152667951.0
2018-11-12,2729.0,2189.0,792.0,3024381306.0,609285572.0
2018-11-13,2727.5,1552.0,1447.0,2058834821.0,1961895376.0
2018-11-14,2697.5,1802.0,1199.0,2676793582.0,1627736102.0
2018-11-15,2735.0,1289.0,1712.0,1383511470.0,2387106170.0
2018-11-16,2744.0,1408.0,1566.0,1865445012.0,2029477235.0
2018-11-19,2696.5,2197.0,790.0,2504121712.0,1140308275.0
2018-11-20,2639.5,2556.0,471.0,3792298751.0,500984605.0
2018-11-21,2648.5,777.0,2202.0,708300429.0,2481973718.0
2018-11-23,2630.0,1613.0,1301.0,1122174108.0,504182597.0
2018-11-26,2670.5,1092.0,1900.0,910621695.0,2499767132.0
2018-11-27,2683.8,1835.0,1165.0,1916824719.0,1495053510.0
2018-11-28,2742.0,591.0,2407.0,448168988.0,3474184752.0
2018-11-29,2744.0,1590.0,1410.0,1999127780.0,1517724983.0
2018-11-30,2764.5,1382.0,1630.0,2087901920.0,2442073876.0
2018-12-03,2790.5,793.0,2205.0,967471093.0,3174224758.0
2018-12-04,2702.0,2543.0,498.0,4164270936.0,291172556.0
2018-12-05,,2542.0,498.0,4200000000.0,293940000.0
2018-12-06,2692.0,1845.0,1166.0,3286238058.0,1804513326.0
2018-12-07,2635.5,2042.0,932.0,3344220093.0,778551797.0
2018-12-10,2643.5,2024.0,975.0,3010924436.0,1066103807.0
2018-12-11,2640.5,1649.0,1345.0,2265953739.0,1567781275.0
2018-12-12,2653.0,1043.0,1973.0,1194260486.0,2741269749.0
2018-12-13,2648.5,1911.0,1068.0,2252313392.0,1574530608.0
2018-12-14,2602.0,2325.0,669.0,3208742427.0,783007261.0
2018-12-17,2552.0,2628.0,403.0,3947493401.0,617815159.0
2018-12-18,2538.0,1636.0,1370.0,2298127389.0,2034304868.0
2018-12-19,2505.0,2169.0,827.0,3928608278.0,1142503896.0
2018-12-20,2483.0,2449.0,580.0,4577081375.0,932530009.0
2018-12-21,,2349.0,676.0,6358730713.0,991800791.0
2018-12-24,2340.0,2354.0,630.0,2247737111.0,297065738.0
2018-12-26,2473.0,383.0,2646.0,167660447.0,4044532828.0
2018-12-27,2495.0,1376.0,1619.0,1508335392.0,2446172983.0
2018-12-28,2486.0,1069.0,1935.0,1672045165.0,1945398043.0
2018-12-31,2512.0,868.0,2153.0,1084241472.0,2319216102.0
2019-01-02,2511.5,909.0,2111.0,1110773169.0,2545811071.0
2019-01-03,2449.0,1742.0,1242.0,2536076894.0,1248001361.0
2019-01-04,2531.0,276.0,2732.0,189405711.0,3987383376.0
2019-01-07,2550.5,650.0,2371.0,792068911.0,3272190054.0
2019-01-08,2571.8,681.0,2324.0,1213437667.0,2831056944.0
2019-01-09,2583.5,962.0,2008.0,994627959.0,2975051885.0
2019-01-10,2594.5,1154.0,1814.0,1586776985.0,2054736169.0
2019-01-11,2596.0,1281.0,1675.0,1341217826.0,1945735414.0
2019-01-14,2580.5,1873.0,1104.0,1991525600.0,1589546089.0
2019-01-15,2606.0,1070.0,1891.0,1400631309.0,2145794590.0
2019-01-16,2612.8,1116.0,1816.0,1371387690.0,2352719137.0
2019-01-17,2635.0,863.0,2104.0,948410257.0,2799720594.0
2019-01-18,2671.0,774.0,2218.0,666081086.0,3298555931.0
2019-01-22,2631.5,2308.0,685.0,3259133982.0,608678272.0
2019-01-23,2638.0,1499.0,1446.0,1696892258.0,1566472754.0
2019-01-24,2633.7,961.0,2002.0,1170183801.0,2196372278.0
2019-01-25,2663.0,688.0,2271.0,861981088.0,2904517816.0
2019-01-28,2642.2,1617.0,1340.0,2113149756.0,1417792544.0
2019-01-29,2640.5,1283.0,1647.0,1444402028.0,1979192294.0
2019-01-30,2682.5,620.0,2389.0,792700811.0,3039303885.0
2019-01-31,2708.5,949.0,2055.0,1766796692.0,3083766482.0
2019-02-01,2704.5,1262.0,1684.0,1649338071.0,2009165639.0
2019-02-04,2720.5,959.0,1988.0,973300102.0,2318969691.0
2019-02-05,2730.0,1079.0,1849.0,1377295517.0,2096472499.0
2019-02-06,2730.0,1774.0,1183.0,2143355962.0,1247982166.0
2019-02-07,2704.5,2024.0,922.0,2938950727.0,1090744163.0
2019-02-08,2706.5,1523.0,1414.0,1939239672.0,1617896480.0
2019-02-11,2707.7,1017.0,1934.0,1319322044.0,1965939545.0
2019-02-12,2744.5,734.0,2218.0,869351703.0,2865073535.0
2019-02-13,2749.5,1035.0,1907.0,1289837740.0,2294893436.0
2019-02-14,2743.5,1356.0,1577.0,1879042696.0,1873154856.0
2019-02-15,2777.2,656.0,2293.0,581387482.0,2975255945.0
2019-02-19,2778.0,1068.0,1879.0,1221240136.0,2201090975.0
2019-02-20,2787.0,1162.0,1784.0,1480439162.0,2310946083.0
2019-02-21,2774.5,1785.0,1136.0,2379348153.0,1146665387.0
2019-02-22,2791.5,807.0,2145.0,1147309311.0,2140793636.0
2019-02-25,2796.5,1487.0,1453.0,1670776407.0,2062790776.0
2019-02-26,2791.5,1724.0,1213.0,2021905256.0,1565521685.0
2019-02-27,2795.0,1385.0,1530.0,1621791860.0,2066140648.0
2019-02-28,2789.5,1591.0,1340.0,2610853238.0,1707035578.0
2019-03-01,2805.0,1044.0,1895.0,1410562836.0,2458195931.0
2019-03-04,2791.5,1625.0,1291.0,2237128897.0,1620105690.0
2019-03-05,2791.5,1524.0,1382.0,2002223369.0,1540608410.0
2019-03-06,2772.0,2185.0,763.0,3193062028.0,532938996.0
2019-03-07,2750.0,2045.0,893.0,2752885122.0,1070587032.0
2019-03-08,2746.0,1595.0,1311.0,1923424786.0,1415869688.0
2019-03-11,2783.0,617.0,2350.0,619859126.0,3086159997.0
2019-03-12,2792.0,1199.0,1719.0,1278271385.0,2008550384.0
2019-03-13,2812.0,930.0,2009.0,782675603.0,2920668342.0
2019-03-14,2807.0,1563.0,1381.0,1869448516.0,1489724152.0
2019-03-15,,1208.0,1707.0,2474953947.0,3303082925.0
2019-03-18,2841.0,955.0,1995.0,998816632.0,2520560685.0
2019-03-19,2836.0,1763.0,1173.0,1962417466.0,1589571842.0
2019-03-20,2827.0,1618.0,1302.0,2169045217.0,1501388414.0
2019-03-21,2863.0,834.0,2105.0,1230690360.0,2292583273.0
2019-03-22,2810.5,2395.0,580.0,3675916457.0,535471335.0
2019-03-25,2806.5,1392.0,1509.0,1670471778.0,1575540495.0
2019-03-26,2823.5,771.0,2165.0,663854793.0,2554385586.0
2019-03-27,2810.5,1585.0,1341.0,2171055517.0,1081810901.0
2019-03-28,2821.0,931.0,2003.0,1048793615.0,2014963287.0
2019-03-29,2840.0,1124.0,1800.0,1198077009.0,2385851355.0
2019-04-01,2870.0,715.0,2262.0,758477519.0,2701045126.0
2019-04-02,2867.0,1605.0,1327.0,1680312931.0,1472600513.0
2019-04-03,2880.2,1198.0,1702.0,1739527344.0,1728934514.0
2019-04-04,2883.0,1017.0,1912.0,816358710.0,2166503071.0
2019-04-05,2896.0,826.0,2099.0,751620952.0,2291681110.0
2019-04-08,2898.5,1430.0,1501.0,1274075036.0,1695539970.0
2019-04-09,2882.5,2203.0,737.0,2342462668.0,645634509.0
2019-04-10,2894.5,784.0,2161.0,1149718760.0,1884033804.0
2019-04-11,2892.0,1336.0,1591.0,1646726964.0,1204410416.0
2019-04-12,2912.3,1060.0,1864.0,1335956896.0,2267767066.0
2019-04-15,2909.5,1577.0,1351.0,1829659083.0,1216579975.0
2019-04-16,2911.0,1468.0,1461.0,1639659083.0,1556579975.0
2019-04-17,2900.0,1730.0,1193.0,2064078776.0,1465524472.0
2019-04-18,2909.5,1493.0,1430.0,1651572585.0,1735807621.0
2019-04-22,2912.5,1731.0,1220.0,1587072999.0,1369830277.0
2019-04-23,2938.0,741.0,2198.0,944767927.0,2603943343.0
2019-04-24,2931.0,1449.0,1455.0,2004226593.0,1387677159.0
2019-04-25,2926.0,1865.0,1044.0,2281321011.0,1103287128.0
2019-04-26,2941.5,953.0,1972.0,922807387.0,2270257119.0
2019-04-29,2943.0,1168.0,1772.0,1392002828.0,1659135259.0
2019-04-30,2951.0,1333.0,1612.0,1855173131.0,2000661342.0
2019-05-01,2923.5,1863.0,1086.0,2819128828.0,792725324.0
2019-05-02,2917.7,1584.0,1331.0,2234556805.0,1476276011.0
2019-05-03,2947.5,654.0,2283.0,596637489.0,2702384602.0
2019-05-06,2932.0,1680.0,1220.0,1947526514.0,1168682043.0
2019-05-07,2891.0,2405.0,539.0,3130308928.0,592177386.0
2019-05-08,2887.0,1550.0,1359.0,1832818283.0,1595219529.0
2019-05-09,2873.0,1676.0,1223.0,2288031358.0,1282920447.0
2019-05-10,2887.0,1013.0,1911.0,1576612646.0,1897941639.0
2019-05-13,2806.5,2493.0,492.0,3507322908.0,346401827.0
2019-05-14,2839.5,714.0,2244.0,680498704.0,2587006824.0
2019-05-15,2854.0,979.0,1940.0,1276495318.0,1725437019.0
2019-05-16,2878.5,904.0,2035.0,1076097247.0,2168693154.0
2019-05-17,2862.0,2143.0,743.0,2431197714.0,822520098.0
2019-05-20,2843.0,1923.0,972.0,1999690192.0,1239512924.0
2019-05-21,2866.0,607.0,2324.0,577837694.0,2664992642.0
2019-05-22,2857.0,1830.0,1112.0,2198823986.0,956855442.0
2019-05-23,2819.0,2277.0,672.0,3140000000.0,837460000.0
2019-05-24,2831.5,940.0,1973.0,1110780754.0,1733085725.0
2019-05-28,2805.5,1989.0,970.0,3320000000.0,1070000000.0
2019-05-29,2780.0,1986.0,972.0,2550000000.0,1240000000.0
2019-05-30,2789.5,1394.0,1561.0,1890000000.0,1460000000.0
2019-05-31,2752.0,2046.0,920.0,3026317671.0,945201091.0
2019-06-03,2749.0,1044.0,1934.0,1110000000.0,2970000000.0
2019-06-04,2805.5,555.0,2436.0,434640000.0,3540000000.0
2019-06-05,2827.0,1460.0,1493.0,2120000000.0,1520000000.0
2019-06-06,2845.5,1240.0,1708.0,1380000000.0,2200000000.0
2019-06-07,2874.5,773.0,2190.0,1060000000.0,2200000000.0
2019-06-10,2889.0,1166.0,1781.0,1420000000.0,1850000000.0
2019-06-11,2886.5,1462.0,1487.0,1410000000.0,2000000000.0
2019-06-12,2881.5,1553.0,1379.0,1890000000.0,1200000000.0
2019-06-13,2893.5,834.0,2119.0,768520000.0,2460000000.0
2019-06-14,2891.0,1729.0,1195.0,2000000000.0,1070000000.0
2019-06-17,2892.0,1317.0,1607.0,1280000000.0,1570000000.0
2019-06-18,2920.5,837.0,2119.0,699030000.0,2830000000.0
2019-06-19,2928.5,1164.0,1755.0,1430000000.0,1960000000.0
2019-06-20,2954.0,808.0,2143.0,873000000.0,3170000000.0
2019-06-21,2950.0,1847.0,1093.0,3350000000.0,1970000000.0
2019-06-24,2952.5,1809.0,1152.0,2060000000.0,1170000000.0
2019-06-25,2922.5,1966.0,985.0,2690000000.0,961470000.0
2019-06-26,2918.5,1391.0,1574.0,1600000000.0,2060000000.0
2019-06-27,2930.5,836.0,2134.0,1030000000.0,2250000000.0
2019-06-28,2955.0,803.0,2175.0,1370000000.0,4730000000.0
2019-07-01,2967.5,1224.0,1736.0,1320000000.0,2320000000.0
2019-07-02,2979.5,1353.0,1619.0,1740000000.0,1530000000.0
2019-07-03,3000.0,792.0,2101.0,771650000.0,2250000000.0
2019-07-05,2990.5,1512.0,1429.0,1020000000.0,1450000000.0
2019-07-08,2979.0,1866.0,1064.0,2090000000.0,886050000.0
2019-07-09,2982.0,1398.0,1519.0,1410000000.0,1660000000.0
2019-07-10,2997.5,1107.0,1834.0,1280000000.0,1960000000.0
2019-07-11,3003.5,1454.0,1470.0,1700000000.0,1480000000.0
2019-07-12,3015.5,1007.0,1923.0,1010000000.0,2000000000.0
2019-07-15,3017.5,1490.0,1419.0,1770000000.0,1160000000.0
2019-07-16,3007.0,1412.0,1514.0,1960000000.0,1430000000.0
2019-07-17,2985.0,1836.0,1091.0,2220000000.0,1020000000.0
2019-07-18,2997.5,1320.0,1624.0,1620000000.0,1850000000.0
2019-07-19,2977.0,1667.0,1259.0,1960000000.0,1360000000.0
2019-07-22,2988.5,1538.0,1380.0,1490000000.0,1600000000.0
2019-07-23,3008.3,973.0,1966.0,989280000.0,2480000000.0
2019-07-24,3021.5,815.0,2156.0,966630000.0,2540000000.0
2019-07-25,3006.5,2148.0,794.0,2740000000.0,972150000.0
2019-07-26,3024.0,927.0,2004.0,1110000000.0,2200000000.0
2019-07-29,3021.5,1447.0,1499.0,2020000000.0,1300000000.0
2019-07-30,3012.5,1206.0,1732.0,1580000000.0,2100000000.0
2019-07-31,2979.0,1890.0,1076.0,3460000000.0,1310000000.0
2019-08-01,2951.0,1958.0,1017.0,3720000000.0,1150000000.0
2019-08-02,2932.5,1811.0,1149.0,2640000000.0,1320000000.0
2019-08-05,2834.0,2724.0,288.0,4290000000.0,389980000.0
2019-08-06,2876.0,923.0,2054.0,1600000000.0,2650000000.0
2019-08-07,2881.0,1588.0,1360.0,2450000000.0,2130000000.0
2019-08-08,2940.3,513.0,2463.0,586570000.0,3680000000.0
2019-08-09,2919.0,1946.0,982.0,2610000000.0,741340000.0
2019-08-12,2880.5,2039.0,906.0,2370000000.0,495580000.0
2019-08-13,2931.5,827.0,2135.0,1070000000.0,2860000000.0
2019-08-14,2841.0,2516.0,493.0,4240000000.0,219790000.0
2019-08-15,2848.5,1386.0,1567.0,2560000000.0,1580000000.0
2019-08-16,2891.5,622.0,2344.0,399940000.0,3250000000.0
2019-08-19,2924.2,720.0,2225.0,764290000.0,2590000000.0
2019-08-20,2899.5,0.0,0.0,0.0,0.0
2019-08-21,2929.0,850.0,2096.0,908330000.0,2190000000.0
2019-08-22,2922.5,1561.0,1370.0,1470000000.0,1470000000.0
2019-08-23,2855.5,2528.0,423.0,3660000000.0,419060000.0
2019-08-26,2884.0,972.0,1968.0,814450000.0,2110000000.0
2019-08-27,2865.0,1947.0,1009.0,2530000000.0,1120000000.0
2019-08-28,2889.8,840.0,2095.0,578470000.0,2610000000.0
2019-08-29,2927.0,661.0,2295.0,538320000.0,2680000000.0
2019-08-30,2920.5,1233.0,1659.0,1190000000.0,1860000000.0
2019-09-03,2906.0,1820.0,1135.0,2430000000.0,1130000000.0
2019-09-04,2938.5,565.0,2379.0,394550000.0,2870000000.0
2019-09-05,2972.0,996.0,1978.0,925690000.0,3080000000.0
2019-09-06,2981.5,1244.0,1666.0,1500000000.0,1720000000.0
2019-09-09,2978.2,1132.0,1809.0,1200000000.0,2970000000.0
2019-09-10,2978.5,1218.0,1712.0,1570000000.0,2910000000.0
2019-09-11,3002.0,828.0,2100.0,970190000.0,2900000000.0
2019-09-12,3012.5,1436.0,1497.0,2120000000.0,1770000000.0
2019-09-13,3008.5,1604.0,1362.0,1670000000.0,2000000000.0
