Date,S&P PUT-CALL RATIO,S&P PUT VOLUME,S&P CALL VOLUME,PREV. DAY OPEN INTEREST
2014-12-12,2.49,1072264.0,430079.0,1502343.0
2014-12-15,2.46,913199.0,371125.0,1284324.0
2014-12-16,2.04,832336.0,408655.0,1240991.0
2014-12-17,2.63,1081379.0,411255.0,1492634.0
2014-12-18,1.05,764595.0,725399.0,1489994.0
2014-12-19,1.7,946019.0,557587.0,1503606.0
2014-12-22,1.53,474255.0,308987.0,783242.0
2014-12-23,1.85,510516.0,276001.0,786517.0
2014-12-24,1.62,275937.0,169843.0,445780.0
2014-12-26,1.09,422639.0,386234.0,808873.0
2014-12-29,1.34,355021.0,265433.0,620454.0
2014-12-30,1.8,580701.0,321781.0,902482.0
2014-12-31,1.48,577288.0,391298.0,968586.0
2015-01-02,2.6,789157.0,303486.0,1092643.0
2015-01-05,2.19,826362.0,377029.0,1203391.0
2015-01-06,1.92,754945.0,393452.0,1148397.0
2015-01-07,1.59,593878.0,373175.0,967053.0
2015-01-08,1.71,674509.0,393823.0,1068332.0
2015-01-09,2.04,685057.0,335827.0,1020884.0
2015-01-12,2.39,422785.0,176786.0,599571.0
2015-01-13,1.58,556711.0,352775.0,909486.0
2015-01-14,2.0,728716.0,365148.0,1093864.0
2015-01-15,1.71,703734.0,412082.0,1115816.0
2015-01-16,2.15,789481.0,366832.0,1156313.0
2015-01-20,2.03,434068.0,213535.0,647603.0
2015-01-21,2.03,605587.0,298892.0,904479.0
2015-01-22,1.86,600534.0,322789.0,923323.0
2015-01-23,1.93,765700.0,397370.0,1163070.0
2015-01-26,1.8,402960.0,224307.0,627267.0
2015-01-27,1.85,460497.0,248562.0,709059.0
2015-01-28,1.78,516112.0,290123.0,806235.0
2015-01-29,1.99,775728.0,390091.0,1165819.0
2015-01-30,2.53,848370.0,335027.0,1183397.0
2015-02-02,1.63,517383.0,317856.0,835239.0
2015-02-03,1.94,631515.0,324970.0,956485.0
2015-02-04,2.25,444060.0,197209.0,641269.0
2015-02-05,1.73,510099.0,295066.0,805165.0
2015-02-06,1.76,952765.0,540680.0,1493445.0
2015-02-09,1.9,500183.0,263765.0,763948.0
2015-02-10,1.68,452752.0,268715.0,721467.0
2015-02-11,1.85,431492.0,233132.0,664624.0
2015-02-12,1.56,556697.0,356497.0,913194.0
2015-02-13,1.97,718077.0,365246.0,1083323.0
2015-02-17,1.74,482654.0,277384.0,760038.0
2015-02-18,2.19,773750.0,352627.0,1126377.0
2015-02-19,1.46,596989.0,408788.0,1005777.0
2015-02-20,1.78,586675.0,330429.0,917104.0
2015-02-23,1.55,374905.0,242287.0,617192.0
2015-02-24,2.08,615948.0,296780.0,912728.0
2015-02-25,1.89,554988.0,293878.0,848866.0
2015-02-26,1.97,375020.0,190112.0,565132.0
2015-02-27,2.03,650926.0,320577.0,971503.0
2015-03-02,1.97,398007.0,201838.0,599845.0
2015-03-03,2.54,462254.0,181981.0,644235.0
2015-03-04,1.98,466007.0,235383.0,701390.0
2015-03-05,2.04,339176.0,166609.0,505785.0
2015-03-06,2.15,852724.0,397491.0,1250215.0
2015-03-09,2.07,386090.0,186280.0,572370.0
2015-03-10,1.67,723353.0,433070.0,1156423.0
2015-03-11,2.26,548603.0,242495.0,791098.0
2015-03-12,1.9,466340.0,245455.0,711795.0
2015-03-13,2.09,694944.0,331765.0,1026709.0
2015-03-16,1.79,479579.0,267664.0,747243.0
2015-03-17,1.5,329087.0,218964.0,548051.0
2015-03-18,2.21,810139.0,366202.0,1176341.0
2015-03-19,1.39,662196.0,474776.0,1136972.0
2015-03-20,1.57,600028.0,383346.0,983374.0
2015-03-23,1.91,411746.0,215216.0,626962.0
2015-03-24,1.97,470538.0,239087.0,709625.0
2015-03-25,2.07,551465.0,265986.0,817451.0
2015-03-26,1.82,682322.0,375404.0,1057726.0
2015-03-27,1.89,584344.0,309385.0,893729.0
2015-03-30,2.12,536716.0,253252.0,789968.0
2015-03-31,1.69,424457.0,251322.0,675779.0
2015-04-01,2.23,589907.0,263953.0,853860.0
2015-04-02,1.9,467960.0,246850.0,714810.0
2015-04-06,2.09,400368.0,191699.0,592067.0
2015-04-07,1.58,413645.0,261044.0,674689.0
2015-04-08,2.17,385557.0,178080.0,563637.0
2015-04-09,1.88,473007.0,251393.0,724400.0
2015-04-10,2.04,667892.0,326646.0,994538.0
2015-04-13,1.55,424125.0,274456.0,698581.0
2015-04-14,1.9,443842.0,233525.0,677367.0
2015-04-15,1.53,594675.0,388759.0,983434.0
2015-04-16,1.62,463949.0,286843.0,750792.0
2015-04-17,2.46,819693.0,333427.0,1153120.0
2015-04-20,2.01,332148.0,165098.0,497246.0
2015-04-21,1.72,382469.0,222436.0,604905.0
2015-04-22,2.01,400890.0,199217.0,600107.0
2015-04-23,2.16,536192.0,248554.0,784746.0
2015-04-24,1.44,558373.0,386993.0,945366.0
2015-04-27,2.01,500823.0,248863.0,749686.0
2015-04-28,1.53,317604.0,207558.0,525162.0
2015-04-29,1.85,478893.0,259474.0,738367.0
2015-04-30,2.14,666001.0,310820.0,976821.0
2015-05-01,1.87,694633.0,372035.0,1066668.0
2015-05-04,2.38,448116.0,188339.0,636455.0
2015-05-05,2.14,488655.0,228035.0,716690.0
2015-05-06,1.86,614448.0,330094.0,944542.0
2015-05-07,1.66,515907.0,309952.0,825859.0
2015-05-08,1.66,661166.0,398738.0,1059904.0
2015-05-11,1.97,447549.0,227239.0,674788.0
2015-05-12,2.74,598879.0,218570.0,817449.0
2015-05-13,1.9,367605.0,192969.0,560574.0
2015-05-14,1.33,562169.0,424206.0,986375.0
2015-05-15,2.39,578090.0,241470.0,819560.0
2015-05-18,1.85,520762.0,281179.0,801941.0
2015-05-19,1.54,351924.0,228105.0,580029.0
2015-05-20,2.32,489025.0,210718.0,699743.0
2015-05-21,1.57,412380.0,263005.0,675385.0
2015-05-22,1.97,537103.0,272984.0,810087.0
2015-05-26,1.96,599426.0,305688.0,905114.0
2015-05-27,1.6,470704.0,293684.0,764388.0
2015-05-28,2.17,454184.0,209548.0,663732.0
2015-05-29,2.67,699302.0,262324.0,961626.0
2015-06-01,1.71,430782.0,251751.0,682533.0
2015-06-02,2.45,487200.0,199211.0,686411.0
2015-06-03,1.8,370701.0,205937.0,576638.0
2015-06-04,2.98,897940.0,301140.0,1199080.0
2015-06-05,2.15,770510.0,358713.0,1129223.0
2015-06-08,1.92,566791.0,294443.0,861234.0
2015-06-09,2.09,533464.0,255580.0,789044.0
2015-06-10,2.01,582371.0,289198.0,871569.0
2015-06-11,1.95,475568.0,243259.0,718827.0
2015-06-12,1.91,699050.0,365477.0,1064527.0
2015-06-15,1.8,531801.0,294662.0,826463.0
2015-06-16,1.58,456344.0,288588.0,744932.0
2015-06-17,2.15,589702.0,274872.0,864574.0
2015-06-18,1.31,743906.0,569298.0,1313204.0
2015-06-19,2.47,659634.0,266708.0,926342.0
2015-06-22,1.88,509817.0,271867.0,781684.0
2015-06-23,2.34,407139.0,174027.0,581166.0
2015-06-24,1.91,507046.0,265931.0,772977.0
2015-06-25,1.74,475257.0,273236.0,748493.0
2015-06-26,1.87,684202.0,366378.0,1050580.0
2015-06-29,2.63,1161392.0,442152.0,1603544.0
2015-06-30,2.03,841998.0,413760.0,1255758.0
2015-07-01,2.26,691104.0,305498.0,996602.0
2015-07-02,2.33,679304.0,291305.0,970609.0
2015-07-06,1.99,591618.0,297892.0,889510.0
2015-07-07,1.64,723504.0,439936.0,1163440.0
2015-07-08,3.11,787358.0,253229.0,1040587.0
2015-07-09,2.29,742949.0,324976.0,1067925.0
2015-07-10,1.9,807304.0,424485.0,1231789.0
2015-07-13,2.12,785084.0,370682.0,1155766.0
2015-07-14,1.52,514044.0,338021.0,852065.0
2015-07-15,1.58,546163.0,344618.0,890781.0
2015-07-16,1.25,763738.0,612200.0,1375938.0
2015-07-17,1.99,632086.0,316988.0,949074.0
2015-07-20,1.69,526200.0,310797.0,836997.0
2015-07-21,1.83,484429.0,264525.0,748954.0
2015-07-22,2.04,580781.0,284726.0,865507.0
2015-07-23,1.68,565254.0,337052.0,902306.0
2015-07-24,2.57,1015436.0,394892.0,1410328.0
2015-07-27,2.43,771627.0,317165.0,1088792.0
2015-07-28,1.9,577548.0,304107.0,881655.0
2015-07-29,1.75,460356.0,263240.0,723596.0
2015-07-30,1.42,432168.0,305144.0,737312.0
2015-07-31,2.26,663875.0,294281.0,958156.0
2015-08-03,1.86,535950.0,288574.0,824524.0
2015-08-04,2.12,376869.0,178053.0,554922.0
2015-08-05,2.1,448775.0,214053.0,662828.0
2015-08-06,1.82,724607.0,397880.0,1122487.0
2015-08-07,2.06,866181.0,419724.0,1285905.0
2015-08-10,1.85,496603.0,268869.0,765472.0
2015-08-11,2.1,689019.0,328536.0,1017555.0
2015-08-12,1.91,860969.0,451786.0,1312755.0
2015-08-13,2.17,564548.0,260085.0,824633.0
2015-08-14,2.26,570668.0,252936.0,823604.0
2015-08-17,1.51,482255.0,318562.0,800817.0
2015-08-18,1.57,501338.0,319422.0,820760.0
2015-08-19,1.89,971127.0,514928.0,1486055.0
2015-08-20,2.34,1359275.0,581975.0,1941250.0
2015-08-21,3.42,2312576.0,676857.0,2989433.0
2015-08-24,3.77,1978736.0,524873.0,2503609.0
2015-08-25,2.39,1439911.0,602432.0,2042343.0
2015-08-26,2.52,1447340.0,574290.0,2021630.0
2015-08-27,2.2,1224279.0,557050.0,1781329.0
2015-08-28,2.13,868791.0,408681.0,1277472.0
2015-08-31,2.39,821145.0,343518.0,1164663.0
2015-09-01,2.53,1037798.0,409810.0,1447608.0
2015-09-02,2.48,725235.0,292644.0,1017879.0
2015-09-03,1.73,690016.0,398871.0,1088887.0
2015-09-04,2.87,988928.0,345173.0,1334101.0
2015-09-08,1.83,657876.0,359283.0,1017159.0
2015-09-09,1.95,613649.0,315279.0,928928.0
2015-09-10,1.76,705566.0,401398.0,1106964.0
2015-09-11,1.95,834139.0,428075.0,1262214.0
2015-09-14,1.61,458985.0,285581.0,744566.0
2015-09-15,1.45,644680.0,443678.0,1088358.0
2015-09-16,1.98,929029.0,469562.0,1398591.0
2015-09-17,1.48,742649.0,502115.0,1244764.0
2015-09-18,1.83,835855.0,456010.0,1291865.0
2015-09-21,1.99,638901.0,320579.0,959480.0
2015-09-22,1.65,687226.0,416893.0,1104119.0
2015-09-23,1.51,599624.0,396198.0,995822.0
2015-09-24,1.57,631425.0,402826.0,1034251.0
2015-09-25,2.08,783200.0,377298.0,1160498.0
2015-09-28,2.04,896283.0,439711.0,1335994.0
2015-09-29,1.87,679901.0,362800.0,1042701.0
2015-09-30,1.52,600729.0,393959.0,994688.0
2015-10-01,1.58,562686.0,356365.0,919051.0
2015-10-02,1.97,797636.0,403973.0,1201609.0
2015-10-05,1.52,738076.0,484312.0,1222388.0
2015-10-06,1.77,624544.0,353493.0,978037.0
2015-10-07,1.65,714718.0,431899.0,1146617.0
2015-10-08,1.36,671585.0,492709.0,1164294.0
2015-10-09,1.21,725735.0,599142.0,1324877.0
2015-10-12,1.96,418624.0,214090.0,632714.0
2015-10-13,1.53,582410.0,380149.0,962559.0
2015-10-14,1.74,703043.0,404598.0,1107641.0
2015-10-15,1.73,726176.0,419233.0,1145409.0
2015-10-16,2.11,600970.0,284694.0,885664.0
2015-10-19,1.55,516859.0,333994.0,850853.0
2015-10-20,1.72,530750.0,309093.0,839843.0
2015-10-21,1.98,654047.0,331005.0,985052.0
2015-10-22,1.25,703100.0,563859.0,1266959.0
2015-10-23,1.1,940953.0,858823.0,1799776.0
2015-10-26,1.43,362508.0,252878.0,615386.0
2015-10-27,1.88,516973.0,274749.0,791722.0
2015-10-28,1.24,590787.0,475526.0,1066313.0
2015-10-29,1.19,802555.0,672738.0,1475293.0
2015-10-30,1.95,788904.0,404369.0,1193273.0
2015-11-02,1.54,485346.0,315874.0,801220.0
2015-11-03,1.21,698795.0,577052.0,1275847.0
2015-11-04,1.53,515845.0,337604.0,853449.0
2015-11-05,2.17,624796.0,287551.0,912347.0
2015-11-06,1.85,880196.0,476336.0,1356532.0
2015-11-09,2.53,830990.0,328662.0,1159652.0
2015-11-10,1.41,350817.0,248633.0,599450.0
2015-11-11,2.15,384772.0,178899.0,563671.0
2015-11-12,2.2,821698.0,373976.0,1195674.0
2015-11-13,2.15,1222187.0,567649.0,1789836.0
2015-11-16,1.8,745756.0,415416.0,1161172.0
2015-11-17,1.88,596520.0,317771.0,914291.0
2015-11-18,2.21,923117.0,418173.0,1341290.0
2015-11-19,1.48,577087.0,389774.0,966861.0
2015-11-20,2.11,682116.0,323574.0,1005690.0
2015-11-23,2.68,550844.0,205706.0,756550.0
2015-11-24,2.44,596111.0,243825.0,839936.0
2015-11-25,2.28,524840.0,230078.0,754918.0
2015-11-27,2.13,438313.0,205494.0,643807.0
2015-11-30,2.62,689134.0,262634.0,951768.0
2015-12-01,2.18,561897.0,257973.0,819870.0
2015-12-02,1.78,696404.0,391935.0,1088339.0
2015-12-03,2.06,929023.0,450050.0,1379073.0
2015-12-04,1.66,815896.0,492348.0,1308244.0
2015-12-07,2.03,477851.0,234893.0,712744.0
2015-12-08,1.38,388801.0,282197.0,670998.0
2015-12-09,1.7,672858.0,396764.0,1069622.0
2015-12-10,1.98,668619.0,337794.0,1006413.0
2015-12-11,2.11,1154944.0,547025.0,1701969.0
2015-12-14,2.59,972931.0,375229.0,1348160.0
2015-12-15,1.77,696706.0,393204.0,1089910.0
2015-12-16,1.63,801324.0,492214.0,1293538.0
2015-12-17,1.64,790497.0,480548.0,1271045.0
2015-12-18,2.14,787530.0,368403.0,1155933.0
2015-12-21,1.88,523963.0,278346.0,802309.0
2015-12-22,2.03,584328.0,287400.0,871728.0
2015-12-23,1.64,629289.0,382719.0,1012008.0
2015-12-24,1.92,303930.0,158106.0,462036.0
2015-12-28,1.85,307101.0,165773.0,472874.0
2015-12-29,1.74,466358.0,268121.0,734479.0
2015-12-30,2.39,454520.0,190177.0,644697.0
2015-12-31,1.97,625693.0,318189.0,943882.0
2016-01-04,1.78,835105.0,469456.0,1304561.0
2016-01-05,2.04,584610.0,286672.0,871282.0
2016-01-06,1.87,724616.0,387728.0,1112344.0
2016-01-07,2.24,1180915.0,527000.0,1707915.0
2016-01-08,2.22,1075158.0,485110.0,1560268.0
2016-01-11,2.61,1089364.0,417192.0,1506556.0
2016-01-12,1.7,693482.0,407329.0,1100811.0
2016-01-13,2.11,886075.0,420682.0,1306757.0
2016-01-14,1.8,1118806.0,622818.0,1741624.0
2016-01-15,2.28,1107532.0,484893.0,1592425.0
2016-01-19,1.94,661648.0,341177.0,1002825.0
2016-01-20,2.39,1669037.0,696907.0,2365944.0
2016-01-21,1.61,920626.0,571093.0,1491719.0
2016-01-22,1.65,767356.0,466231.0,1233587.0
2016-01-25,1.6,501222.0,312800.0,814022.0
2016-01-26,1.22,447852.0,367919.0,815771.0
2016-01-27,1.53,528866.0,345991.0,874857.0
2016-01-28,1.84,515637.0,280918.0,796555.0
2016-01-29,1.47,881355.0,599208.0,1480563.0
2016-02-01,1.72,571148.0,331810.0,902958.0
2016-02-02,1.73,563898.0,325791.0,889689.0
2016-02-03,1.7,704897.0,414043.0,1118940.0
2016-02-04,2.21,593813.0,268927.0,862740.0
2016-02-05,1.79,797204.0,444857.0,1242061.0
2016-02-08,1.89,898356.0,474557.0,1372913.0
2016-02-09,1.99,680921.0,341790.0,1022711.0
2016-02-10,1.84,614631.0,334503.0,949134.0
2016-02-11,1.93,903969.0,467733.0,1371702.0
2016-02-12,1.91,898249.0,470100.0,1368349.0
2016-02-16,1.91,731364.0,382572.0,1113936.0
2016-02-17,1.9,1077143.0,566865.0,1644008.0
2016-02-18,1.72,785986.0,456657.0,1242643.0
2016-02-19,2.12,758179.0,357427.0,1115606.0
2016-02-22,1.76,732131.0,416528.0,1148659.0
2016-02-23,2.52,643698.0,255670.0,899368.0
2016-02-24,1.87,655794.0,350802.0,1006596.0
2016-02-25,1.79,585706.0,327326.0,913032.0
2016-02-26,1.55,735972.0,474193.0,1210165.0
2016-02-29,1.84,652667.0,354876.0,1007543.0
2016-03-01,1.25,709951.0,567921.0,1277872.0
2016-03-02,1.79,698228.0,390087.0,1088315.0
2016-03-03,1.25,688729.0,549088.0,1237817.0
2016-03-04,1.19,810738.0,678829.0,1489567.0
2016-03-07,1.77,477861.0,269380.0,747241.0
2016-03-08,1.79,566910.0,317573.0,884483.0
2016-03-09,1.5,566937.0,378964.0,945901.0
2016-03-10,1.75,687714.0,393681.0,1081395.0
2016-03-11,1.2,784866.0,653788.0,1438654.0
2016-03-14,1.5,471223.0,314004.0,785227.0
2016-03-15,1.33,512882.0,385706.0,898588.0
2016-03-16,1.54,801723.0,520404.0,1322127.0
2016-03-17,1.06,837080.0,789924.0,1627004.0
2016-03-18,1.33,712080.0,533931.0,1246011.0
2016-03-21,1.54,497790.0,323121.0,820911.0
2016-03-22,1.56,510229.0,326317.0,836546.0
2016-03-23,1.42,564915.0,398280.0,963195.0
2016-03-24,1.85,712949.0,384487.0,1097436.0
2016-03-28,1.66,385512.0,232832.0,618344.0
2016-03-29,1.46,486866.0,332503.0,819369.0
2016-03-30,1.11,809817.0,729378.0,1539195.0
2016-03-31,1.89,639176.0,338146.0,977322.0
2016-04-01,1.47,643106.0,438850.0,1081956.0
2016-04-04,1.42,450412.0,318252.0,768664.0
2016-04-05,1.71,462337.0,270930.0,733267.0
2016-04-06,1.78,488186.0,273590.0,761776.0
2016-04-07,1.56,568776.0,365374.0,934150.0
2016-04-08,1.9,583173.0,306277.0,889450.0
2016-04-11,1.65,442406.0,268837.0,711243.0
2016-04-12,1.43,439135.0,306927.0,746062.0
2016-04-13,1.05,591555.0,563531.0,1155086.0
2016-04-14,1.15,652522.0,566377.0,1218899.0
2016-04-15,1.78,614376.0,345668.0,960044.0
2016-04-18,1.93,464814.0,240951.0,705765.0
2016-04-19,1.21,609118.0,502711.0,1111829.0
2016-04-20,1.61,951057.0,590368.0,1541425.0
2016-04-21,1.6,610078.0,381638.0,991716.0
2016-04-22,2.06,671934.0,326076.0,998010.0
2016-04-25,1.49,372711.0,250564.0,623275.0
2016-04-26,1.42,363178.0,255393.0,618571.0
2016-04-27,1.52,485359.0,318662.0,804021.0
2016-04-28,1.52,552885.0,363649.0,916534.0
2016-04-29,1.65,884981.0,537897.0,1422878.0
2016-05-02,1.5,342324.0,227673.0,569997.0
2016-05-03,1.99,570835.0,286825.0,857660.0
2016-05-04,1.28,599377.0,467447.0,1066824.0
2016-05-05,2.01,564601.0,280431.0,845032.0
2016-05-06,1.72,819710.0,475669.0,1295379.0
2016-05-09,2.36,432894.0,183664.0,616558.0
2016-05-10,1.55,593815.0,383914.0,977729.0
2016-05-11,1.84,657576.0,356890.0,1014466.0
2016-05-12,1.97,556179.0,282524.0,838703.0
2016-05-13,2.08,719482.0,346463.0,1065945.0
2016-05-16,1.43,457099.0,319626.0,776725.0
2016-05-17,1.58,651355.0,412091.0,1063446.0
2016-05-18,1.61,770399.0,478260.0,1248659.0
2016-05-19,1.86,917745.0,493876.0,1411621.0
2016-05-20,1.5,662266.0,440569.0,1102835.0
2016-05-23,1.99,582556.0,293163.0,875719.0
2016-05-24,1.6,782438.0,490285.0,1272723.0
2016-05-25,1.21,699398.0,578386.0,1277784.0
2016-05-26,1.53,601891.0,393811.0,995702.0
2016-05-27,1.51,675694.0,446828.0,1122522.0
2016-05-31,1.7,771157.0,453232.0,1224389.0
2016-06-01,1.71,705686.0,413351.0,1119037.0
2016-06-02,1.48,532326.0,360359.0,892685.0
2016-06-03,1.29,755008.0,584524.0,1339532.0
2016-06-06,1.52,742674.0,489723.0,1232397.0
2016-06-07,1.24,741548.0,598463.0,1340011.0
2016-06-08,1.39,560169.0,402244.0,962413.0
2016-06-09,1.56,543939.0,348061.0,892000.0
2016-06-10,1.78,812123.0,455308.0,1267431.0
2016-06-13,2.01,782198.0,389241.0,1171439.0
2016-06-14,2.06,951893.0,462942.0,1414835.0
2016-06-15,2.32,962192.0,414174.0,1376366.0
2016-06-16,1.88,998495.0,529840.0,1528335.0
2016-06-17,1.92,891012.0,463144.0,1354156.0
2016-06-20,1.79,666496.0,373035.0,1039531.0
2016-06-21,2.09,780302.0,373217.0,1153519.0
2016-06-22,1.54,841106.0,546273.0,1387379.0
2016-06-23,1.81,815955.0,450992.0,1266947.0
2016-06-24,2.02,1453818.0,720750.0,2174568.0
2016-06-27,1.56,1317964.0,843796.0,2161760.0
2016-06-28,1.54,1030103.0,668173.0,1698276.0
2016-06-29,1.6,1197790.0,747298.0,1945088.0
2016-06-30,1.54,1253489.0,811693.0,2065182.0
2016-07-01,1.79,970321.0,541260.0,1511581.0
2016-07-05,2.2,745175.0,338910.0,1084085.0
2016-07-06,1.64,727611.0,442861.0,1170472.0
2016-07-07,1.44,692448.0,482490.0,1174938.0
2016-07-08,1.03,975363.0,943202.0,1918565.0
2016-07-11,0.98,815180.0,835478.0,1650658.0
2016-07-12,1.08,869858.0,808355.0,1678213.0
2016-07-13,1.23,650390.0,527134.0,1177524.0
2016-07-14,0.92,782196.0,846927.0,1629123.0
2016-07-15,1.57,740652.0,472181.0,1212833.0
2016-07-18,1.47,623780.0,423310.0,1047090.0
2016-07-19,1.58,492177.0,311167.0,803344.0
2016-07-20,1.18,863611.0,730049.0,1593660.0
2016-07-21,1.66,568146.0,342463.0,910609.0
2016-07-22,1.67,645516.0,386869.0,1032385.0
2016-07-25,1.37,509429.0,372164.0,881593.0
2016-07-26,1.42,405430.0,284899.0,690329.0
2016-07-27,1.38,529026.0,383963.0,912989.0
2016-07-28,1.42,712362.0,500676.0,1213038.0
2016-07-29,1.64,843575.0,513601.0,1357176.0
2016-08-01,1.84,571530.0,311366.0,882896.0
2016-08-02,1.59,592310.0,372001.0,964311.0
2016-08-03,2.05,479452.0,233905.0,713357.0
2016-08-04,1.69,475477.0,280945.0,756422.0
2016-08-05,1.47,904559.0,615767.0,1520326.0
2016-08-08,1.43,591667.0,413190.0,1004857.0
2016-08-09,1.59,510331.0,321186.0,831517.0
2016-08-10,1.5,568505.0,379127.0,947632.0
2016-08-11,1.57,529780.0,337239.0,867019.0
2016-08-12,1.38,581738.0,420507.0,1002245.0
2016-08-15,1.34,589156.0,440703.0,1029859.0
2016-08-16,1.56,644833.0,413138.0,1057971.0
2016-08-17,1.57,712116.0,454815.0,1166931.0
2016-08-18,1.5,565163.0,376927.0,942090.0
2016-08-19,1.83,711116.0,388457.0,1099573.0
2016-08-22,1.51,508590.0,335949.0,844539.0
2016-08-23,1.45,597497.0,411191.0,1008688.0
2016-08-24,1.53,744318.0,487994.0,1232312.0
2016-08-25,1.88,646075.0,344321.0,990396.0
2016-08-26,1.53,865412.0,565116.0,1430528.0
2016-08-29,1.45,592849.0,407752.0,1000601.0
2016-08-30,1.63,619229.0,379478.0,998707.0
2016-08-31,2.21,745257.0,337666.0,1082923.0
2016-09-01,2.08,689843.0,331340.0,1021183.0
2016-09-02,2.16,843061.0,390174.0,1233235.0
2016-09-06,1.45,700638.0,484858.0,1185496.0
2016-09-07,2.07,724475.0,350128.0,1074603.0
2016-09-08,1.88,682940.0,364143.0,1047083.0
2016-09-09,2.04,1436824.0,705554.0,2142378.0
2016-09-12,1.44,1191102.0,827291.0,2018393.0
2016-09-13,1.65,831481.0,505205.0,1336686.0
2016-09-14,1.51,840196.0,555329.0,1395525.0
2016-09-15,1.56,771292.0,494751.0,1266043.0
2016-09-16,1.63,901128.0,552775.0,1453903.0
2016-09-19,1.65,604994.0,365907.0,970901.0
2016-09-20,1.53,518987.0,340174.0,859161.0
2016-09-21,1.94,1026175.0,529095.0,1555270.0
2016-09-22,1.73,1041212.0,601856.0,1643068.0
2016-09-23,2.11,879662.0,416607.0,1296269.0
2016-09-26,1.78,712461.0,400177.0,1112638.0
2016-09-27,1.66,601373.0,361246.0,962619.0
2016-09-28,1.45,619819.0,426629.0,1046448.0
2016-09-29,1.8,881446.0,489364.0,1370810.0
2016-09-30,1.69,776345.0,458399.0,1234744.0
2016-10-03,1.97,606728.0,308035.0,914763.0
2016-10-04,1.62,641198.0,397002.0,1038200.0
2016-10-05,1.74,467048.0,267993.0,735041.0
2016-10-06,1.9,515209.0,271754.0,786963.0
2016-10-07,1.85,778738.0,421600.0,1200338.0
2016-10-10,1.67,609545.0,365785.0,975330.0
2016-10-11,1.64,887503.0,539881.0,1427384.0
2016-10-12,1.95,731054.0,375314.0,1106368.0
2016-10-13,1.55,765153.0,494623.0,1259776.0
2016-10-14,1.69,757288.0,447734.0,1205022.0
2016-10-17,1.65,567441.0,344373.0,911814.0
2016-10-18,1.48,684639.0,463394.0,1148033.0
2016-10-19,1.57,740025.0,470432.0,1210457.0
2016-10-20,1.46,661046.0,452834.0,1113880.0
2016-10-21,1.96,873516.0,445291.0,1318807.0
2016-10-24,2.22,586137.0,263491.0,849628.0
2016-10-25,2.03,528680.0,260628.0,789308.0
2016-10-26,1.43,561572.0,391786.0,953358.0
2016-10-27,1.48,626043.0,423775.0,1049818.0
2016-10-28,1.83,887234.0,484537.0,1371771.0
2016-10-31,1.81,613390.0,338203.0,951593.0
2016-11-01,1.95,902846.0,462656.0,1365502.0
2016-11-02,1.63,855849.0,524366.0,1380215.0
2016-11-03,1.87,992063.0,529812.0,1521875.0
2016-11-04,1.99,1205847.0,605009.0,1810856.0
2016-11-07,1.78,1022098.0,573939.0,1596037.0
2016-11-08,2.14,1097807.0,513038.0,1610845.0
2016-11-09,1.55,1416756.0,916089.0,2332845.0
2016-11-10,1.33,1070805.0,807937.0,1878742.0
2016-11-11,1.86,941099.0,505643.0,1446742.0
2016-11-14,1.24,832827.0,674252.0,1507079.0
2016-11-15,1.35,712244.0,528787.0,1241031.0
2016-11-16,1.18,813866.0,687627.0,1501493.0
2016-11-17,1.14,722037.0,634440.0,1356477.0
2016-11-18,1.43,778315.0,544344.0,1322659.0
2016-11-21,1.26,701045.0,556439.0,1257484.0
2016-11-22,1.49,759805.0,508661.0,1268466.0
2016-11-23,1.42,624906.0,440059.0,1064965.0
2016-11-25,1.1,564992.0,512045.0,1077037.0
2016-11-28,1.63,568415.0,348872.0,917287.0
2016-11-29,1.66,544942.0,328761.0,873703.0
2016-11-30,1.26,706061.0,558685.0,1264746.0
2016-12-01,1.46,560148.0,384851.0,944999.0
2016-12-02,1.26,615379.0,487803.0,1103182.0
2016-12-05,1.21,544941.0,450221.0,995162.0
2016-12-06,1.16,522861.0,451240.0,974101.0
2016-12-07,0.91,828439.0,906404.0,1734843.0
2016-12-08,0.89,872282.0,985257.0,1857539.0
2016-12-09,1.08,837914.0,772896.0,1610810.0
2016-12-12,1.22,691943.0,568428.0,1260371.0
2016-12-13,0.81,712087.0,876054.0,1588141.0
2016-12-14,1.29,824075.0,637351.0,1461426.0
2016-12-15,1.17,706439.0,605088.0,1311527.0
2016-12-16,1.4,837288.0,596013.0,1433301.0
2016-12-19,1.47,521521.0,355558.0,877079.0
2016-12-20,1.29,496777.0,384664.0,881441.0
2016-12-21,1.76,596307.0,338630.0,934937.0
2016-12-22,1.29,583304.0,452770.0,1036074.0
2016-12-23,1.54,343899.0,223107.0,567006.0
2016-12-27,1.23,315426.0,255860.0,571286.0
2016-12-28,1.49,545804.0,365477.0,911281.0
2016-12-29,1.62,485024.0,298819.0,783843.0
2016-12-30,1.34,668273.0,498199.0,1166472.0
2017-01-03,1.58,790217.0,499819.0,1290036.0
2017-01-04,1.18,571185.0,483221.0,1054406.0
2017-01-05,1.66,561945.0,338802.0,900747.0
2017-01-06,1.52,769739.0,506356.0,1276095.0
2017-01-09,1.84,557314.0,303553.0,860867.0
2017-01-10,1.8,544988.0,303557.0,848545.0
2017-01-11,1.59,641771.0,403926.0,1045697.0
2017-01-12,1.52,657592.0,433264.0,1090856.0
2017-01-13,1.54,689870.0,446726.0,1136596.0
2017-01-17,1.64,724254.0,442641.0,1166895.0
2017-01-18,1.76,906371.0,515944.0,1422315.0
2017-01-19,1.6,669047.0,418489.0,1087536.0
2017-01-20,2.12,769989.0,363664.0,1133653.0
2017-01-23,1.57,705962.0,448234.0,1154196.0
2017-01-24,1.09,455784.0,416936.0,872720.0
2017-01-25,0.97,783499.0,803629.0,1587128.0
2017-01-26,1.76,527907.0,299973.0,827880.0
2017-01-27,1.59,655498.0,412361.0,1067859.0
2017-01-30,1.88,793200.0,422380.0,1215580.0
2017-01-31,1.78,622363.0,349502.0,971865.0
2017-02-01,1.62,578767.0,357314.0,936081.0
2017-02-02,2.21,597905.0,270782.0,868687.0
2017-02-03,1.91,864317.0,451649.0,1315966.0
2017-02-06,1.61,726648.0,450758.0,1177406.0
2017-02-07,1.66,492228.0,296967.0,789195.0
2017-02-08,1.21,514984.0,427214.0,942198.0
2017-02-09,1.34,708354.0,530485.0,1238839.0
2017-02-10,1.21,784777.0,648102.0,1432879.0
2017-02-13,1.17,838882.0,717068.0,1555950.0
2017-02-14,1.16,760308.0,653789.0,1414097.0
2017-02-15,1.39,1096044.0,787866.0,1883910.0
2017-02-16,1.65,839062.0,508405.0,1347467.0
2017-02-17,1.76,746968.0,424123.0,1171091.0
2017-02-21,1.15,860151.0,750030.0,1610181.0
2017-02-22,1.47,721114.0,490045.0,1211159.0
2017-02-23,1.26,591525.0,468299.0,1059824.0
2017-02-24,1.7,838551.0,493194.0,1331745.0
2017-02-27,1.6,691643.0,431915.0,1123558.0
2017-02-28,1.54,689475.0,447109.0,1136584.0
2017-03-01,1.15,1135565.0,984174.0,2119739.0
2017-03-02,1.64,816700.0,498922.0,1315622.0
2017-03-03,1.56,803151.0,515639.0,1318790.0
2017-03-06,1.43,656246.0,457349.0,1113595.0
2017-03-07,1.69,517385.0,305657.0,823042.0
2017-03-08,1.62,670613.0,413545.0,1084158.0
2017-03-09,2.07,640775.0,309655.0,950430.0
2017-03-10,1.94,730841.0,376526.0,1107367.0
2017-03-13,1.49,672934.0,450550.0,1123484.0
2017-03-14,1.72,576660.0,334982.0,911642.0
2017-03-15,1.42,726611.0,511469.0,1238080.0
2017-03-16,1.51,739264.0,489645.0,1228909.0
2017-03-17,2.54,850790.0,335121.0,1185911.0
2017-03-20,2.04,674218.0,329934.0,1004152.0
2017-03-21,1.9,828695.0,435904.0,1264599.0
2017-03-22,1.99,1035252.0,521419.0,1556671.0
2017-03-23,1.65,683465.0,414400.0,1097865.0
2017-03-24,2.59,863169.0,333500.0,1196669.0
2017-03-27,1.71,795307.0,464509.0,1259816.0
2017-03-28,1.33,646323.0,484722.0,1131045.0
2017-03-29,1.81,550367.0,303919.0,854286.0
2017-03-30,1.78,653135.0,366658.0,1019793.0
2017-03-31,2.0,844246.0,422387.0,1266633.0
2017-04-03,2.07,641470.0,309924.0,951394.0
2017-04-04,1.65,410296.0,248046.0,658342.0
2017-04-05,1.65,798368.0,482408.0,1280776.0
2017-04-06,1.91,502592.0,262889.0,765481.0
2017-04-07,2.35,732558.0,311708.0,1044266.0
2017-04-10,1.93,547644.0,284243.0,831887.0
2017-04-11,1.57,658092.0,420166.0,1078258.0
2017-04-12,1.83,653665.0,357681.0,1011346.0
2017-04-13,1.8,925168.0,513630.0,1438798.0
2017-04-17,1.3,620227.0,475646.0,1095873.0
2017-04-18,1.27,530018.0,417759.0,947777.0
2017-04-19,1.7,831352.0,489094.0,1320446.0
2017-04-20,1.52,823181.0,540835.0,1364016.0
2017-04-21,2.52,840910.0,333883.0,1174793.0
2017-04-24,1.93,956085.0,496509.0,1452594.0
2017-04-25,1.22,921956.0,756596.0,1678552.0
2017-04-26,1.38,591856.0,427583.0,1019439.0
2017-04-27,2.04,591198.0,289112.0,880310.0
2017-04-28,1.74,697517.0,400445.0,1097962.0
2017-05-01,1.51,543681.0,359614.0,903295.0
2017-05-02,1.64,519349.0,317030.0,836379.0
2017-05-03,2.1,673798.0,320112.0,993910.0
2017-05-04,1.73,406642.0,234759.0,641401.0
2017-05-05,2.02,738679.0,366511.0,1105190.0
2017-05-08,1.82,687196.0,376690.0,1063886.0
2017-05-09,1.66,662680.0,399791.0,1062471.0
2017-05-10,1.95,565521.0,289826.0,855347.0
2017-05-11,1.55,621668.0,401830.0,1023498.0
2017-05-12,2.05,669447.0,326489.0,995936.0
2017-05-15,1.44,643874.0,446429.0,1090303.0
2017-05-16,1.79,571562.0,319079.0,890641.0
2017-05-17,2.29,1318933.0,575406.0,1894339.0
2017-05-18,1.75,1007917.0,574479.0,1582396.0
2017-05-19,1.93,765631.0,396639.0,1162270.0
2017-05-22,2.0,530843.0,265246.0,796089.0
2017-05-23,1.62,554356.0,343245.0,897601.0
2017-05-24,1.63,565214.0,346040.0,911254.0
2017-05-25,1.45,747805.0,517059.0,1264864.0
2017-05-26,2.05,560634.0,273431.0,834065.0
2017-05-30,2.23,594322.0,266633.0,860955.0
2017-05-31,1.68,620812.0,369972.0,990784.0
2017-06-01,1.48,767674.0,518456.0,1286130.0
2017-06-02,1.47,935461.0,635574.0,1571035.0
2017-06-05,1.42,525483.0,369889.0,895372.0
2017-06-06,1.62,472688.0,291304.0,763992.0
2017-06-07,2.45,656880.0,268508.0,925388.0
2017-06-08,1.49,482034.0,322668.0,804702.0
2017-06-09,1.61,927770.0,577394.0,1505164.0
2017-06-12,2.14,601824.0,281670.0,883494.0
2017-06-13,1.43,589379.0,412159.0,1001538.0
2017-06-14,1.67,769244.0,461037.0,1230281.0
2017-06-15,1.82,792780.0,434919.0,1227699.0
2017-06-16,2.17,730051.0,335872.0,1065923.0
2017-06-19,1.51,592875.0,392477.0,985352.0
2017-06-20,1.67,591122.0,354513.0,945635.0
2017-06-21,2.87,697844.0,242966.0,940810.0
2017-06-22,1.81,521606.0,288616.0,810222.0
2017-06-23,2.32,618025.0,266325.0,884350.0
2017-06-26,1.78,577721.0,324424.0,902145.0
2017-06-27,1.57,631259.0,403253.0,1034512.0
2017-06-28,2.07,597068.0,288488.0,885556.0
2017-06-29,2.27,865927.0,381261.0,1247188.0
2017-06-30,2.23,697457.0,313262.0,1010719.0
2017-07-03,2.16,359903.0,166842.0,526745.0
2017-07-05,2.1,589183.0,279904.0,869087.0
2017-07-06,1.8,709949.0,395409.0,1105358.0
2017-07-07,1.84,748335.0,406447.0,1154782.0
2017-07-10,1.7,656606.0,385623.0,1042229.0
2017-07-11,2.15,503242.0,234093.0,737335.0
2017-07-12,1.54,580139.0,376336.0,956475.0
2017-07-13,1.56,482965.0,308842.0,791807.0
2017-07-14,1.46,785659.0,538406.0,1324065.0
2017-07-17,1.57,602292.0,384656.0,986948.0
2017-07-18,1.38,532444.0,386115.0,918559.0
2017-07-19,1.4,746157.0,534340.0,1280497.0
2017-07-20,1.3,739714.0,567402.0,1307116.0
2017-07-21,1.82,699592.0,384791.0,1084383.0
2017-07-24,1.81,471174.0,261011.0,732185.0
2017-07-25,1.33,565869.0,426301.0,992170.0
2017-07-26,1.67,691506.0,415303.0,1106809.0
2017-07-27,2.14,697566.0,326165.0,1023731.0
2017-07-28,2.36,691058.0,293024.0,984082.0
2017-07-31,1.99,647074.0,325468.0,972542.0
2017-08-01,1.58,559228.0,354031.0,913259.0
2017-08-02,2.21,649634.0,294002.0,943636.0
2017-08-03,2.39,531829.0,222316.0,754145.0
2017-08-04,1.94,828456.0,427554.0,1256010.0
2017-08-07,1.89,538590.0,284350.0,822940.0
2017-08-08,2.06,690644.0,335964.0,1026608.0
2017-08-09,2.44,862767.0,353820.0,1216587.0
2017-08-10,2.08,1073599.0,516930.0,1590529.0
2017-08-11,2.69,1049749.0,390239.0,1439988.0
2017-08-14,1.99,823266.0,414452.0,1237718.0
2017-08-15,2.16,722311.0,334475.0,1056786.0
2017-08-16,2.24,1192888.0,532598.0,1725486.0
2017-08-17,2.06,1054483.0,510933.0,1565416.0
2017-08-18,2.1,1162029.0,552924.0,1714953.0
2017-08-21,2.12,725690.0,342719.0,1068409.0
2017-08-22,1.88,857787.0,456093.0,1313880.0
2017-08-23,1.84,655922.0,356924.0,1012846.0
2017-08-24,1.95,513840.0,263376.0,777216.0
2017-08-25,2.16,709137.0,327701.0,1036838.0
2017-08-28,1.81,622412.0,343134.0,965546.0
2017-08-29,1.62,567180.0,350939.0,918119.0
2017-08-30,1.62,653784.0,402514.0,1056298.0
2017-08-31,1.65,856740.0,517723.0,1374463.0
2017-09-01,1.9,724759.0,380948.0,1105707.0
2017-09-05,2.31,1011373.0,437992.0,1449365.0
2017-09-06,1.78,683855.0,383210.0,1067065.0
2017-09-07,2.3,590174.0,256829.0,847003.0
2017-09-08,2.41,821474.0,340329.0,1161803.0
2017-09-11,1.43,933755.0,653848.0,1587603.0
2017-09-12,1.33,863620.0,647210.0,1510830.0
2017-09-13,1.99,693229.0,348735.0,1041964.0
2017-09-14,1.66,835002.0,503364.0,1338366.0
2017-09-15,2.46,964035.0,392542.0,1356577.0
2017-09-18,1.49,807712.0,542949.0,1350661.0
2017-09-19,1.32,550516.0,416407.0,966923.0
2017-09-20,1.92,916566.0,477093.0,1393659.0
2017-09-21,1.65,582011.0,352402.0,934413.0
2017-09-22,2.44,641504.0,263407.0,904911.0
2017-09-25,1.82,751545.0,413473.0,1165018.0
2017-09-26,2.09,549677.0,263026.0,812703.0
2017-09-27,1.7,852118.0,500383.0,1352501.0
2017-09-28,1.3,551676.0,423225.0,974901.0
2017-09-29,1.82,894140.0,490423.0,1384563.0
2017-10-02,1.4,946701.0,675340.0,1622041.0
2017-10-03,1.2,602854.0,501649.0,1104503.0
2017-10-04,1.52,964091.0,632480.0,1596571.0
2017-10-05,1.22,950578.0,781356.0,1731934.0
2017-10-06,1.44,777813.0,541087.0,1318900.0
2017-10-09,2.35,656268.0,278778.0,935046.0
2017-10-10,1.34,578450.0,430534.0,1008984.0
2017-10-11,2.43,636854.0,262117.0,898971.0
2017-10-12,1.79,738302.0,411318.0,1149620.0
2017-10-13,2.08,695023.0,334065.0,1029088.0
2017-10-16,2.02,819675.0,406586.0,1226261.0
2017-10-17,1.42,582569.0,411313.0,993882.0
2017-10-18,1.54,765250.0,496859.0,1262109.0
2017-10-19,1.62,724608.0,447685.0,1172293.0
2017-10-20,1.55,1060647.0,684225.0,1744872.0
2017-10-23,1.75,859774.0,492630.0,1352404.0
2017-10-24,1.91,593744.0,311059.0,904803.0
2017-10-25,2.48,1153156.0,464898.0,1618054.0
2017-10-26,2.17,562696.0,258813.0,821509.0
2017-10-27,1.41,897620.0,638577.0,1536197.0
2017-10-30,1.76,748411.0,424083.0,1172494.0
2017-10-31,2.11,590975.0,279462.0,870437.0
2017-11-01,1.56,817521.0,523026.0,1340547.0
2017-11-02,1.84,630121.0,341693.0,971814.0
2017-11-03,1.82,958149.0,525312.0,1483461.0
2017-11-06,1.62,750336.0,462072.0,1212408.0
2017-11-07,1.67,858530.0,514702.0,1373232.0
2017-11-08,2.19,660170.0,301795.0,961965.0
2017-11-09,1.85,1077622.0,582788.0,1660410.0
2017-11-10,2.72,1043011.0,384029.0,1427040.0
2017-11-13,1.75,716253.0,408968.0,1125221.0
2017-11-14,1.86,833229.0,448081.0,1281310.0
2017-11-15,1.87,1053335.0,562874.0,1616209.0
2017-11-16,1.74,868773.0,500096.0,1368869.0
2017-11-17,1.96,971703.0,497022.0,1468725.0
2017-11-20,1.67,786218.0,469827.0,1256045.0
2017-11-21,1.21,974216.0,806929.0,1781145.0
2017-11-22,2.34,848791.0,362526.0,1211317.0
2017-11-24,2.1,503984.0,240369.0,744353.0
2017-11-27,1.63,853782.0,524440.0,1378222.0
2017-11-28,1.13,896144.0,791688.0,1687832.0
2017-11-29,1.38,942999.0,685695.0,1628694.0
2017-11-30,1.21,1236713.0,1020031.0,2256744.0
2017-12-01,1.76,1302462.0,740523.0,2042985.0
2017-12-04,1.42,898105.0,632838.0,1530943.0
2017-12-05,1.95,726759.0,372660.0,1099419.0
2017-12-06,1.55,723508.0,467575.0,1191083.0
2017-12-07,1.84,698221.0,378711.0,1076932.0
2017-12-08,1.53,874263.0,572800.0,1447063.0
2017-12-11,1.47,695423.0,472622.0,1168045.0
2017-12-12,1.32,866768.0,655644.0,1522412.0
2017-12-13,1.42,772813.0,546037.0,1318850.0
2017-12-14,1.46,949392.0,650619.0,1600011.0
2017-12-15,1.57,994590.0,632796.0,1627386.0
2017-12-18,1.35,826839.0,611705.0,1438544.0
2017-12-19,1.74,759582.0,436778.0,1196360.0
2017-12-20,1.88,766678.0,408881.0,1175559.0
2017-12-21,1.51,596555.0,394214.0,990769.0
2017-12-22,2.08,662999.0,318471.0,981470.0
2017-12-26,1.63,488855.0,299722.0,788577.0
2017-12-27,1.92,582769.0,304255.0,887024.0
2017-12-28,2.22,604918.0,272071.0,876989.0
2017-12-29,2.37,903661.0,381347.0,1285008.0
2018-01-02,2.12,799064.0,376884.0,1175948.0
2018-01-03,1.24,840038.0,675053.0,1515091.0
2018-01-04,1.09,792958.0,729025.0,1521983.0
2018-01-05,1.76,1045724.0,593766.0,1639490.0
2018-01-08,1.5,794383.0,529919.0,1324302.0
2018-01-09,1.42,759514.0,534417.0,1293931.0
2018-01-10,2.07,789930.0,382186.0,1172116.0
2018-01-11,1.09,825862.0,759683.0,1585545.0
2018-01-12,1.34,1104737.0,823837.0,1928574.0
2018-01-16,1.31,1160649.0,886625.0,2047274.0
2018-01-17,1.4,1338760.0,956158.0,2294918.0
2018-01-18,1.32,947911.0,718644.0,1666555.0
2018-01-19,1.89,820149.0,432919.0,1253068.0
2018-01-22,1.52,882008.0,580181.0,1462189.0
2018-01-23,0.92,816606.0,884634.0,1701240.0
2018-01-24,1.36,935659.0,690379.0,1626038.0
2018-01-25,1.72,675912.0,392903.0,1068815.0
2018-01-26,1.44,1058747.0,735453.0,1794200.0
2018-01-29,1.33,897493.0,675266.0,1572759.0
2018-01-30,1.44,878687.0,609918.0,1488605.0
2018-01-31,1.53,811480.0,530360.0,1341840.0
2018-02-01,1.81,754347.0,416477.0,1170824.0
2018-02-02,2.26,1483142.0,656424.0,2139566.0
2018-02-05,2.75,1969851.0,715659.0,2685510.0
2018-02-06,2.7,2011137.0,743578.0,2754715.0
2018-02-07,1.96,1230465.0,628735.0,1859200.0
2018-02-08,2.36,1344164.0,568891.0,1913055.0
2018-02-09,2.49,2288531.0,919911.0,3208442.0
2018-02-12,1.83,1179247.0,645594.0,1824841.0
2018-02-13,1.91,1031071.0,540073.0,1571144.0
2018-02-14,1.63,1201544.0,738441.0,1939985.0
2018-02-15,1.3,985434.0,758652.0,1744086.0
2018-02-16,1.41,1144853.0,812957.0,1957810.0
2018-02-20,2.13,762640.0,358299.0,1120939.0
2018-02-21,1.84,839477.0,456663.0,1296140.0
2018-02-22,1.8,716435.0,398735.0,1115170.0
2018-02-23,1.55,992868.0,640271.0,1633139.0
2018-02-26,1.37,976437.0,711861.0,1688298.0
2018-02-27,1.54,972734.0,630690.0,1603424.0
2018-02-28,1.86,877830.0,472718.0,1350548.0
2018-03-01,2.14,1261248.0,589068.0,1850316.0
2018-03-02,2.08,1128133.0,542600.0,1670733.0
2018-03-05,1.69,970195.0,574357.0,1544552.0
2018-03-06,1.53,575035.0,375984.0,951019.0
2018-03-07,2.08,767863.0,369752.0,1137615.0
2018-03-08,1.22,485154.0,399281.0,884435.0
2018-03-09,1.12,1161684.0,1036415.0,2198099.0
2018-03-12,1.31,854255.0,653248.0,1507503.0
2018-03-13,1.35,771894.0,570578.0,1342472.0
2018-03-14,1.48,856201.0,580017.0,1436218.0
2018-03-15,1.34,766891.0,571923.0,1338814.0
2018-03-16,1.61,901433.0,558501.0,1459934.0
2018-03-19,1.87,1123001.0,599689.0,1722690.0
2018-03-20,1.25,653360.0,522093.0,1175453.0
2018-03-21,2.53,896072.0,354300.0,1250372.0
2018-03-22,1.86,1202293.0,645380.0,1847673.0
2018-03-23,2.48,1539241.0,620767.0,2160008.0
2018-03-26,1.98,1163020.0,586634.0,1749654.0
2018-03-27,1.6,943784.0,590962.0,1534746.0
2018-03-28,1.83,1195756.0,654428.0,1850184.0
2018-03-29,1.38,1086833.0,788682.0,1875515.0
2018-04-02,1.75,1116063.0,639014.0,1755077.0
2018-04-03,1.44,812646.0,563304.0,1375950.0
2018-04-04,1.75,788596.0,450427.0,1239023.0
2018-04-05,1.58,737680.0,466504.0,1204184.0
2018-04-06,1.5,1062749.0,706817.0,1769566.0
2018-04-09,1.5,804803.0,535384.0,1340187.0
2018-04-10,1.52,649448.0,427279.0,1076727.0
2018-04-11,1.85,935232.0,505331.0,1440563.0
2018-04-12,1.54,780870.0,506619.0,1287489.0
2018-04-13,1.49,892193.0,600303.0,1492496.0
2018-04-16,1.55,878464.0,565562.0,1444026.0
2018-04-17,1.42,1073194.0,753846.0,1827040.0
2018-04-18,2.06,1037892.0,503376.0,1541268.0
2018-04-19,1.43,799485.0,560828.0,1360313.0
2018-04-20,1.66,722796.0,436509.0,1159305.0
2018-04-23,1.89,511360.0,270126.0,781486.0
2018-04-24,1.78,955440.0,535690.0,1491130.0
2018-04-25,1.68,875231.0,521398.0,1396629.0
2018-04-26,1.56,619585.0,397478.0,1017063.0
2018-04-27,1.91,620534.0,324113.0,944647.0
2018-04-30,1.67,691854.0,415395.0,1107249.0
2018-05-01,1.7,699109.0,410445.0,1109554.0
2018-05-02,1.43,650767.0,453831.0,1104598.0
2018-05-03,1.4,967414.0,693412.0,1660826.0
2018-05-04,1.63,837895.0,514052.0,1351947.0
2018-05-07,1.58,603369.0,381758.0,985127.0
2018-05-08,1.51,526314.0,349675.0,875989.0
2018-05-09,1.26,809256.0,640226.0,1449482.0
2018-05-10,1.15,798856.0,696364.0,1495220.0
2018-05-11,1.47,1009552.0,688592.0,1698144.0
2018-05-14,1.38,761317.0,551736.0,1313053.0
2018-05-15,1.73,770581.0,444602.0,1215183.0
2018-05-16,2.05,708504.0,345178.0,1053682.0
2018-05-17,1.35,680775.0,504848.0,1185623.0
2018-05-18,1.98,620697.0,313403.0,934100.0
2018-05-21,1.4,604472.0,430695.0,1035167.0
2018-05-22,1.33,593626.0,446708.0,1040334.0
2018-05-23,1.45,712760.0,491969.0,1204729.0
2018-05-24,1.63,660801.0,406070.0,1066871.0
2018-05-25,2.08,643957.0,309718.0,953675.0
2018-05-29,1.81,948417.0,523081.0,1471498.0
2018-05-30,1.65,700407.0,423961.0,1124368.0
2018-05-31,1.67,767494.0,458691.0,1226185.0
2018-06-01,1.88,686338.0,365447.0,1051785.0
2018-06-04,1.48,585998.0,394710.0,980708.0
2018-06-05,1.66,535001.0,322133.0,857134.0
2018-06-06,1.44,805272.0,557578.0,1362850.0
2018-06-07,1.45,851845.0,585501.0,1437346.0
2018-06-08,1.67,638272.0,382148.0,1020420.0
2018-06-11,1.17,738143.0,633025.0,1371168.0
2018-06-12,1.28,723986.0,566824.0,1290810.0
2018-06-13,1.19,611733.0,516217.0,1127950.0
2018-06-14,1.33,689652.0,517171.0,1206823.0
2018-06-15,1.96,934419.0,477667.0,1412086.0
2018-06-18,1.6,817830.0,511002.0,1328832.0
2018-06-19,1.81,625357.0,345095.0,970452.0
2018-06-20,2.08,880493.0,423247.0,1303740.0
2018-06-21,1.68,673259.0,399571.0,1072830.0
2018-06-22,2.08,701741.0,337572.0,1039313.0
2018-06-25,2.12,1108333.0,521850.0,1630183.0
2018-06-26,1.8,677027.0,375196.0,1052223.0
2018-06-27,1.64,811144.0,496108.0,1307252.0
2018-06-28,1.5,773330.0,515222.0,1288552.0
2018-06-29,2.21,823009.0,371571.0,1194580.0
2018-07-02,1.44,585908.0,406036.0,991944.0
2018-07-03,1.96,472693.0,241735.0,714428.0
2018-07-05,1.69,591108.0,350150.0,941258.0
2018-07-06,1.76,751835.0,427387.0,1179222.0
2018-07-09,1.56,898448.0,574253.0,1472701.0
2018-07-10,1.56,766875.0,490965.0,1257840.0
2018-07-11,1.71,566391.0,330573.0,896964.0
2018-07-12,1.25,710539.0,570372.0,1280911.0
2018-07-13,1.37,773783.0,564789.0,1338572.0
2018-07-16,1.94,745331.0,383830.0,1129161.0
2018-07-17,1.38,721855.0,521409.0,1243264.0
2018-07-18,1.47,783009.0,532857.0,1315866.0
2018-07-19,1.57,809378.0,514749.0,1324127.0
2018-07-20,2.18,752391.0,345161.0,1097552.0
2018-07-23,1.96,595709.0,304301.0,900010.0
2018-07-24,1.44,712585.0,495036.0,1207621.0
2018-07-25,1.22,740332.0,606454.0,1346786.0
2018-07-26,0.93,602570.0,648209.0,1250779.0
2018-07-27,1.93,864002.0,447861.0,1311863.0
2018-07-30,1.88,769213.0,410067.0,1179280.0
2018-07-31,1.63,660411.0,406208.0,1066619.0
2018-08-01,2.02,595156.0,294939.0,890095.0
2018-08-02,2.15,652397.0,302783.0,955180.0
2018-08-03,1.87,806920.0,431802.0,1238722.0
2018-08-06,1.35,674792.0,498547.0,1173339.0
2018-08-07,1.31,723377.0,553966.0,1277343.0
2018-08-08,1.33,675478.0,507557.0,1183035.0
2018-08-09,1.32,539537.0,408203.0,947740.0
2018-08-10,2.17,1147389.0,529133.0,1676522.0
