Date,Open,High,Low,Last,Change,Settle,Volume,Previous Day Open Interest
2014-12-12,2020.5,2031.0,1997.5,1997.5,33.7,1997.2,28520.0,126742.0
2014-12-15,2013.5,2018.5,1982.0,1991.0,7.2,1990.0,18085.0,101988.0
2014-12-16,1979.5,2016.0,1970.0,1971.2,18.4,1971.6,47088.0,88565.0
2014-12-17,1978.5,2015.5,1977.0,2013.0,42.6,2014.2,25866.0,70931.0
2014-12-18,2040.5,2064.0,2033.0,2064.0,50.8,2065.0,19568.0,65445.0
2014-12-19,2060.7,2075.8,2057.0,2066.7,7.2,2067.1,13545.0,116027.0
2014-12-22,2065.6,2076.0,2064.4,2072.5,5.3,2072.4,6048.0,118774.0
2014-12-23,2072.9,2084.2,2071.5,2079.1,6.5,2078.9,10300.0,117799.0
2014-12-24,2078.2,2083.5,2077.0,2078.0,0.1,2078.8,833.0,120784.0
2014-12-26,2081.4,2088.5,2081.4,2084.2,5.4,2084.2,1808.0,121097.0
2014-12-29,2085.0,2088.7,2076.4,2085.6,1.6,2085.8,3368.0,122571.0
2014-12-30,2087.1,2088.2,2073.5,2076.5,9.1,2076.7,3885.0,122980.0
2014-12-31,2077.9,2082.6,2051.3,2052.4,24.3,2052.4,4397.0,124030.0
2015-01-02,2055.0,2067.0,2039.5,2046.0,6.1,2046.3,5704.0,123911.0
2015-01-05,2043.7,2048.1,2010.0,2016.2,30.4,2015.9,11355.0,124285.0
2015-01-06,2018.9,2023.2,1984.0,1994.9,21.5,1994.4,11845.0,125744.0
2015-01-07,1997.1,2024.0,1995.8,2020.0,25.2,2019.6,4685.0,122933.0
2015-01-08,2021.2,2058.3,2020.8,2054.5,35.4,2055.0,9723.0,123385.0
2015-01-09,2054.1,2061.5,2031.5,2035.3,19.7,2035.3,8086.0,124611.0
2015-01-12,2035.6,2047.9,2015.5,2022.5,12.9,2022.4,8021.0,123082.0
2015-01-13,2024.0,2051.0,2001.5,2017.0,6.3,2016.1,12928.0,125479.0
2015-01-14,2016.7,2019.4,1982.0,2008.5,8.6,2007.5,9818.0,126150.0
2015-01-15,2010.5,2026.9,1978.8,1989.2,18.4,1989.1,9088.0,126458.0
2015-01-16,1980.5,2014.2,1970.6,2013.4,23.8,2012.9,7029.0,126523.0
2015-01-20,2009.9,2026.0,1998.0,2016.7,3.9,2016.8,8479.0,127044.0
2015-01-21,2016.0,2032.0,2005.5,2027.3,9.8,2026.6,4086.0,127917.0
2015-01-22,2026.0,2059.0,2020.0,2057.0,29.8,2056.4,9128.0,127452.0
2015-01-23,2054.6,2062.0,2042.5,2043.7,12.5,2043.9,5126.0,130166.0
2015-01-26,2035.5,2054.7,2025.9,2053.7,9.7,2053.6,4266.0,127021.0
2015-01-27,2054.2,2054.5,2013.0,2029.5,23.6,2030.0,7573.0,126318.0
2015-01-28,2036.0,2046.3,1991.5,1992.0,38.4,1991.6,8724.0,129787.0
2015-01-29,1994.3,2019.5,1982.5,2019.0,26.9,2018.5,13543.0,132774.0
2015-01-30,2018.6,2020.1,1986.0,1991.0,30.1,1988.4,9209.0,137393.0
2015-02-02,1991.0,2018.2,1974.0,2016.8,28.7,2017.1,6890.0,137524.0
2015-02-03,2015.0,2044.0,2007.4,2041.8,25.0,2042.1,5000.0,139855.0
2015-02-04,2040.2,2049.0,2023.3,2029.5,12.0,2030.1,5873.0,140306.0
2015-02-05,2025.0,2058.5,2021.0,2054.5,25.0,2055.1,3898.0,141244.0
2015-02-06,2056.2,2067.5,2045.0,2053.2,2.0,2053.1,3464.0,141284.0
2015-02-09,2047.8,2051.3,2037.0,2042.2,10.7,2042.4,4591.0,140471.0
2015-02-10,2043.8,2066.0,2040.9,2062.2,19.8,2062.2,6064.0,142293.0
2015-02-11,2062.7,2079.0,2053.5,2065.5,3.5,2065.7,5628.0,142759.0
2015-02-12,2071.8,2085.0,2059.0,2084.0,18.4,2084.1,3676.0,143860.0
2015-02-13,2082.4,2094.9,2082.0,2093.0,9.4,2093.5,3076.0,143388.0
2015-02-17,2091.0,2098.3,2081.0,2096.0,2.4,2095.9,3675.0,141752.0
2015-02-18,2096.4,2098.2,2088.8,2095.5,0.5,2095.4,3855.0,140449.0
2015-02-19,2095.2,2099.0,2087.7,2095.3,0.1,2095.3,7368.0,140573.0
2015-02-20,2095.5,2108.0,2082.5,2107.3,11.8,2107.1,6043.0,143633.0
2015-02-23,2107.2,2107.5,2100.0,2106.5,0.4,2106.7,4184.0,145803.0
2015-02-24,2106.3,2115.5,2103.0,2113.5,7.0,2113.7,2549.0,148874.0
2015-02-25,2113.5,2117.3,2107.5,2110.4,3.5,2110.2,2985.0,148522.0
2015-02-26,2110.2,2114.7,2101.5,2109.8,0.3,2109.9,3864.0,148734.0
2015-02-27,2109.3,2110.7,2102.0,2105.3,7.1,2102.8,6635.0,148470.0
2015-03-02,2104.0,2115.3,2100.8,2114.5,11.1,2113.9,4584.0,150591.0
2015-03-03,2114.4,2114.4,2095.5,2104.8,9.1,2104.8,7583.0,151190.0
2015-03-04,2104.2,2104.2,2085.5,2096.6,8.3,2096.5,10864.0,154782.0
2015-03-05,2096.4,2103.5,2093.7,2099.5,3.2,2099.7,5430.0,160855.0
2015-03-06,2099.6,2102.9,2066.0,2070.7,28.9,2070.8,17821.0,162788.0
2015-03-09,2072.9,2082.3,2066.2,2077.7,6.9,2077.7,7143.0,171974.0
2015-03-10,2077.6,2077.9,2041.5,2042.0,35.8,2041.9,18057.0,173502.0
2015-03-11,2044.1,2052.1,2038.5,2039.2,2.4,2039.5,11419.0,177913.0
2015-03-12,2037.5,2066.2,2037.5,2064.0,24.5,2064.0,20410.0,178451.0
2015-03-13,2062.0,2064.1,2041.0,2049.0,14.2,2049.8,30724.0,169790.0
2015-03-16,2063.5,2081.0,2062.5,2077.0,26.7,2076.5,44177.0,158472.0
2015-03-17,2070.0,2077.0,2066.0,2074.0,2.1,2074.4,38939.0,137992.0
2015-03-18,2068.8,2107.0,2062.0,2101.2,26.1,2100.5,25855.0,119308.0
2015-03-19,2095.5,2097.0,2085.5,2090.0,10.1,2090.4,7086.0,113247.0
2015-03-20,2078.6,2106.3,2078.0,2099.0,17.6,2099.2,8348.0,105407.0
2015-03-23,2099.3,2106.7,2093.6,2095.0,4.4,2094.8,2359.0,103873.0
2015-03-24,2095.4,2100.8,2083.0,2085.0,9.9,2084.9,2525.0,103019.0
2015-03-25,2085.2,2089.0,2052.5,2053.2,31.1,2053.8,12028.0,102549.0
2015-03-26,2055.1,2058.5,2033.3,2048.5,5.3,2048.5,8675.0,104039.0
2015-03-27,2050.2,2057.5,2041.5,2052.8,4.1,2052.6,3897.0,101652.0
2015-03-30,2052.9,2081.5,2047.6,2075.5,23.0,2075.6,2378.0,102055.0
2015-03-31,2076.6,2076.8,2056.5,2059.0,14.8,2060.8,3867.0,101311.0
2015-04-01,2057.8,2060.8,2036.7,2053.0,7.7,2053.1,6065.0,102181.0
2015-04-02,2056.0,2064.5,2044.4,2059.8,6.4,2059.5,1731.0,107457.0
2015-04-06,2039.9,2079.5,2039.3,2073.5,13.7,2073.2,6491.0,107266.0
2015-04-07,2071.6,2082.5,2066.3,2068.0,5.4,2067.8,4131.0,107881.0
2015-04-08,2069.4,2080.0,2064.8,2075.7,8.1,2075.9,3155.0,108968.0
2015-04-09,2077.0,2086.5,2067.0,2085.7,9.8,2085.7,5015.0,108486.0
2015-04-10,2085.5,2096.1,2083.4,2095.2,9.8,2095.5,2914.0,110339.0
2015-04-13,2095.5,2101.0,2085.2,2086.3,9.0,2086.5,3734.0,110376.0
2015-04-14,2087.1,2092.7,2076.0,2091.0,4.4,2090.9,3793.0,109309.0
2015-04-15,2090.2,2105.1,2087.5,2099.7,8.9,2099.8,3787.0,109878.0
2015-04-16,2101.4,2104.2,2089.3,2101.2,1.0,2100.8,3647.0,109959.0
2015-04-17,2101.3,2101.5,2064.7,2075.8,25.3,2075.5,14499.0,109700.0
2015-04-20,2081.1,2097.5,2078.8,2091.0,15.5,2091.0,4326.0,113289.0
2015-04-21,2089.9,2105.1,2087.7,2091.3,,2091.0,4993.0,113978.0
2015-04-22,2091.9,2103.3,2080.3,2101.0,9.2,2100.2,4225.0,113645.0
2015-04-23,2099.6,2114.2,2087.8,2107.0,6.7,2106.9,5907.0,115707.0
2015-04-24,2106.4,2114.5,2103.4,2111.5,4.8,2111.7,1812.0,116796.0
2015-04-27,2112.7,2119.0,2100.3,2104.5,7.0,2104.7,2801.0,115712.0
2015-04-28,2104.0,2112.3,2088.7,2112.0,7.3,2112.0,3432.0,115936.0
2015-04-29,2110.7,2112.3,2090.8,2098.6,13.0,2099.0,6942.0,117114.0
2015-04-30,2097.6,2101.6,2070.8,2081.0,20.1,2078.9,12071.0,118276.0
2015-05-01,2081.0,2102.5,2080.9,2101.7,22.7,2101.6,4107.0,119018.0
2015-05-04,2101.5,2114.5,2098.1,2109.7,7.7,2109.3,5804.0,119431.0
2015-05-05,2108.8,2111.3,2081.9,2084.3,25.3,2084.0,5986.0,119299.0
2015-05-06,2086.0,2093.0,2062.0,2074.5,9.8,2074.2,10213.0,118902.0
2015-05-07,2074.7,2088.0,2057.3,2084.7,10.0,2084.2,6737.0,122504.0
2015-05-08,2084.5,2113.5,2084.3,2108.5,24.2,2108.4,14979.0,123326.0
2015-05-11,2108.9,2113.0,2096.0,2098.0,10.6,2097.8,3856.0,119375.0
2015-05-12,2098.3,2100.7,2079.7,2095.0,2.8,2095.0,6483.0,119907.0
2015-05-13,2096.0,2106.2,2091.8,2094.5,0.5,2094.5,7610.0,121328.0
2015-05-14,2096.0,2118.0,2092.2,2117.5,23.1,2117.6,6988.0,123818.0
2015-05-15,2117.1,2122.7,2113.5,2119.0,1.3,2118.9,4186.0,124352.0
2015-05-18,2118.9,2128.5,2112.5,2126.0,7.0,2125.9,2635.0,126279.0
2015-05-19,2126.2,2133.7,2121.8,2124.5,1.3,2124.6,4661.0,126840.0
2015-05-20,2124.0,2132.0,2119.5,2122.2,2.1,2122.5,2586.0,127595.0
2015-05-21,2120.0,2131.5,2115.3,2128.5,5.5,2128.0,1842.0,126505.0
2015-05-22,2129.0,2130.6,2122.8,2125.0,3.4,2124.6,1368.0,125502.0
2015-05-26,2123.7,2126.7,2096.2,2105.2,19.7,2104.9,8861.0,125223.0
2015-05-27,2103.4,2124.0,2101.3,2120.5,16.0,2120.9,5850.0,126251.0
2015-05-28,2121.4,2122.5,2110.5,2122.0,0.8,2121.7,3094.0,128120.0
2015-05-29,2121.6,2122.7,2102.5,2107.8,15.7,2106.0,4993.0,128017.0
2015-06-01,2105.8,2117.5,2100.2,2109.5,3.2,2109.2,3403.0,126970.0
2015-06-02,2111.4,2115.7,2094.7,2106.7,2.5,2106.7,4170.0,127314.0
2015-06-03,2107.0,2120.5,2107.0,2116.5,9.3,2116.0,5012.0,126222.0
2015-06-04,2115.6,2116.2,2091.5,2098.8,17.1,2098.9,12714.0,126180.0
2015-06-05,2099.0,2102.5,2084.0,2092.3,6.7,2092.2,6812.0,134894.0
2015-06-08,2092.0,2093.2,2076.3,2078.8,14.0,2078.2,4095.0,139423.0
2015-06-09,2080.7,2084.5,2068.9,2080.3,1.9,2080.1,10967.0,140427.0
2015-06-10,2081.0,2107.5,2080.3,2106.5,26.8,2106.9,13849.0,140956.0
2015-06-11,2104.0,2114.0,2103.5,2108.5,2.3,2109.2,26294.0,141985.0
2015-06-12,2100.0,2102.0,2090.5,2093.3,16.1,2093.1,29522.0,130167.0
2015-06-15,2080.0,2086.7,2073.0,2084.5,9.1,2084.0,41555.0,122409.0
2015-06-16,2083.0,2097.5,2082.5,2096.5,13.4,2097.4,33169.0,100782.0
2015-06-17,2100.5,2106.9,2089.0,2098.0,0.1,2097.5,20160.0,87641.0
2015-06-18,2106.5,2126.0,2106.0,2123.5,25.5,2123.0,13945.0,83791.0
2015-06-19,2114.9,2117.7,2097.4,2097.8,17.0,2097.7,5801.0,90860.0
2015-06-22,2105.5,2121.5,2105.5,2112.5,15.1,2112.8,2355.0,92028.0
2015-06-23,2114.8,2120.1,2111.5,2116.5,3.6,2116.4,2082.0,91015.0
2015-06-24,2117.6,2118.0,2099.0,2099.5,17.0,2099.4,3976.0,91495.0
2015-06-25,2102.0,2112.7,2092.2,2094.0,5.5,2093.9,6102.0,93456.0
2015-06-26,2094.5,2100.5,2086.5,2095.7,1.8,2095.7,3818.0,94001.0
2015-06-29,2081.8,2082.5,2047.5,2050.8,45.2,2050.5,13594.0,93154.0
2015-06-30,2052.9,2068.7,2047.5,2054.8,3.9,2054.4,9176.0,93805.0
2015-07-01,2055.0,2077.4,2055.0,2071.0,16.5,2070.9,11011.0,93572.0
2015-07-02,2071.5,2078.8,2062.8,2068.7,2.1,2068.8,6000.0,96375.0
2015-07-06,2037.0,2071.5,2035.0,2064.8,4.2,2064.6,5148.0,100994.0
2015-07-07,2069.0,2077.6,2035.5,2073.7,9.1,2073.7,5582.0,102670.0
2015-07-08,2073.4,2073.4,2036.0,2039.0,34.5,2039.2,6678.0,103886.0
2015-07-09,2042.0,2068.0,2038.4,2041.3,2.0,2041.2,8253.0,106748.0
2015-07-10,2048.7,2074.5,2047.2,2068.7,27.8,2069.0,7473.0,105509.0
2015-07-13,2057.8,2094.5,2054.0,2094.5,25.4,2094.4,6180.0,105503.0
2015-07-14,2093.5,2105.3,2090.7,2102.3,7.7,2102.1,3717.0,104838.0
2015-07-15,2102.2,2107.1,2095.5,2104.3,2.1,2104.2,3187.0,104227.0
2015-07-16,2103.7,2118.3,2103.2,2117.0,12.7,2116.9,8235.0,103836.0
2015-07-17,2116.5,2119.7,2113.0,2118.5,1.9,2118.8,3748.0,104594.0
2015-07-20,2117.6,2125.5,2116.7,2122.0,3.1,2121.9,1317.0,101483.0
2015-07-21,2121.2,2124.6,2107.2,2115.0,7.5,2114.4,2457.0,101212.0
2015-07-22,2107.7,2111.5,2102.8,2108.0,6.5,2107.9,3858.0,101796.0
2015-07-23,2109.3,2113.6,2091.8,2098.7,9.4,2098.5,2312.0,99517.0
2015-07-24,2101.6,2103.6,2069.7,2077.5,20.9,2077.6,2565.0,99981.0
2015-07-27,2078.0,2080.5,2056.7,2064.3,13.2,2064.4,5400.0,100665.0
2015-07-28,2065.0,2088.8,2062.0,2087.5,22.8,2087.2,4453.0,103203.0
2015-07-29,2088.0,2104.3,2084.7,2101.5,14.3,2101.5,2619.0,102961.0
2015-07-30,2098.7,2104.0,2087.7,2104.0,2.2,2103.7,3417.0,103507.0
2015-07-31,2101.8,2108.5,2095.8,2100.7,5.3,2098.4,3845.0,104673.0
2015-08-03,2099.9,2102.3,2080.0,2090.8,7.5,2090.9,3658.0,106001.0
2015-08-04,2089.3,2095.8,2081.5,2083.3,8.0,2082.9,1956.0,105904.0
2015-08-05,2083.5,2106.7,2082.7,2094.5,10.9,2093.8,2767.0,106363.0
2015-08-06,2093.0,2099.0,2070.2,2079.5,14.3,2079.5,3020.0,105889.0
2015-08-07,2080.0,2082.5,2062.3,2073.5,5.9,2073.6,4724.0,106135.0
2015-08-10,2072.5,2101.0,2072.0,2100.0,26.2,2099.8,3602.0,107469.0
2015-08-11,2101.3,2101.5,2071.3,2079.3,20.1,2079.7,7829.0,109765.0
2015-08-12,2080.8,2085.0,2047.0,2084.5,4.5,2084.2,10411.0,112201.0
2015-08-13,2083.0,2092.8,2073.5,2080.3,3.7,2080.5,4858.0,115565.0
2015-08-14,2079.8,2090.3,2073.8,2089.3,8.9,2089.4,1631.0,116237.0
2015-08-17,2089.7,2100.0,2075.0,2099.5,9.9,2099.3,2628.0,115657.0
2015-08-18,2098.3,2103.3,2090.8,2093.8,5.4,2093.9,3240.0,116020.0
2015-08-19,2093.2,2097.6,2067.0,2072.5,21.2,2072.7,6805.0,115215.0
2015-08-20,2073.1,2077.5,2025.0,2025.0,47.3,2025.4,8318.0,118281.0
2015-08-21,2027.0,2028.7,1967.5,1971.5,54.0,1971.4,14807.0,119068.0
2015-08-24,1967.4,1967.4,1831.0,1872.0,100.2,1871.2,27127.0,129236.0
2015-08-25,1872.7,1948.1,1863.0,1871.5,1.6,1872.8,19828.0,138626.0
2015-08-26,1867.6,1942.0,1851.0,1940.0,65.3,1938.1,15456.0,149274.0
2015-08-27,1941.7,1989.6,1935.3,1989.3,51.2,1989.3,8644.0,157686.0
2015-08-28,1987.5,1992.5,1967.7,1988.5,0.4,1989.7,7204.0,146266.0
2015-08-31,1986.1,1986.1,1960.0,1963.5,20.5,1969.2,7282.0,149672.0
2015-09-01,1962.3,1962.3,1900.0,1916.0,53.3,1915.9,22379.0,153983.0
2015-09-02,1912.0,1948.7,1908.4,1946.5,31.2,1947.1,7184.0,168476.0
2015-09-03,1948.5,1972.5,1942.0,1945.5,1.0,1946.1,9053.0,170831.0
2015-09-04,1946.5,1948.6,1908.5,1921.5,24.4,1921.7,22037.0,173570.0
2015-09-08,1926.4,1968.0,1918.1,1965.7,44.0,1965.7,8299.0,186099.0
2015-09-09,1965.0,1991.7,1936.0,1943.0,23.0,1942.7,12689.0,183739.0
2015-09-10,1943.2,1966.1,1929.2,1950.5,6.9,1949.6,31139.0,186101.0
2015-09-11,1945.5,1961.5,1938.5,1961.0,10.6,1960.2,15947.0,170791.0
2015-09-14,1961.5,1961.5,1947.0,1953.0,6.2,1954.0,23361.0,165646.0
2015-09-15,1958.5,1982.0,1954.5,1979.5,25.7,1979.7,43583.0,153650.0
2015-09-16,1979.5,1998.0,1978.0,1998.0,18.5,1998.2,16670.0,129215.0
2015-09-17,1992.5,2020.0,1985.0,1985.0,10.4,1987.8,12794.0,119754.0
2015-09-18,1976.0,1982.3,1941.5,1951.5,26.6,1950.6,15080.0,90488.0
2015-09-21,1949.0,1969.0,1939.0,1963.0,12.5,1963.1,3357.0,98235.0
2015-09-22,1964.1,1964.3,1918.0,1932.5,31.0,1932.1,9947.0,98173.0
2015-09-23,1927.6,1941.4,1911.7,1928.5,3.5,1928.6,6094.0,101611.0
2015-09-24,1932.0,1935.9,1897.8,1919.0,9.8,1918.8,4512.0,103142.0
2015-09-25,1920.0,1950.0,1911.0,1919.3,0.4,1919.2,6551.0,103286.0
2015-09-28,1913.5,1929.0,1869.0,1872.0,47.1,1872.1,6681.0,103715.0
2015-09-29,1879.0,1889.5,1861.5,1874.3,2.4,1874.5,7149.0,104297.0
2015-09-30,1877.0,1910.3,1872.4,1905.0,34.2,1908.7,7626.0,101788.0
2015-10-01,1901.7,1929.0,1890.5,1917.0,8.1,1916.8,6247.0,101858.0
2015-10-02,1918.0,1943.5,1883.2,1942.5,26.3,1943.1,5960.0,104935.0
2015-10-05,1940.5,1980.0,1938.0,1975.2,31.6,1974.7,5562.0,107122.0
2015-10-06,1972.6,1982.0,1962.5,1968.0,6.1,1968.6,5090.0,107498.0
2015-10-07,1961.7,1990.7,1961.3,1987.2,18.6,1987.2,6511.0,108921.0
2015-10-08,1987.3,2009.0,1970.8,2006.7,19.4,2006.6,7475.0,108934.0
2015-10-09,2005.0,2013.8,1999.0,2007.0,0.8,2007.4,4751.0,108446.0
2015-10-12,2006.5,2013.4,2002.5,2010.8,3.5,2010.9,2587.0,104596.0
2015-10-13,2011.9,2014.3,1991.3,1993.5,17.0,1993.9,2911.0,104771.0
2015-10-14,1991.0,2001.5,1983.0,1984.5,9.9,1984.0,3772.0,103864.0
2015-10-15,1988.0,2019.0,1987.9,2019.0,35.0,2019.0,9455.0,103092.0
2015-10-16,2018.9,2026.0,2013.0,2025.5,6.5,2025.5,3647.0,101965.0
2015-10-19,2024.5,2027.9,2014.8,2027.5,1.9,2027.4,3482.0,100230.0
2015-10-20,2025.9,2031.5,2019.0,2021.2,6.8,2020.6,4857.0,101431.0
2015-10-21,2017.7,2033.5,2008.0,2008.5,12.1,2008.5,5525.0,101817.0
2015-10-22,2010.1,2055.5,2009.0,2053.5,44.6,2053.1,15998.0,101808.0
2015-10-23,2054.0,2074.1,2053.3,2066.0,12.9,2066.0,10373.0,102852.0
2015-10-26,2066.0,2067.0,2057.9,2062.3,3.7,2062.3,3361.0,99574.0
2015-10-27,2063.6,2064.4,2052.0,2060.5,1.9,2060.4,2758.0,97897.0
2015-10-28,2061.0,2084.8,2056.0,2083.7,24.1,2084.5,6367.0,96094.0
2015-10-29,2081.0,2086.0,2072.9,2083.0,1.5,2083.0,5597.0,97486.0
2015-10-30,2085.1,2094.2,2070.5,2073.5,9.3,2073.7,7310.0,97510.0
2015-11-02,2072.1,2099.5,2064.7,2095.0,21.7,2095.4,4067.0,95181.0
2015-11-03,2094.0,2110.0,2089.1,2102.5,7.5,2102.9,8099.0,96026.0
2015-11-04,2101.4,2109.4,2090.7,2094.0,8.2,2094.7,5515.0,95148.0
2015-11-05,2095.2,2104.2,2084.5,2093.8,0.7,2094.0,5134.0,95697.0
2015-11-06,2094.1,2098.2,2077.5,2094.0,0.3,2093.7,3462.0,95387.0
2015-11-09,2091.5,2097.0,2063.0,2073.0,20.8,2072.9,10923.0,95569.0
2015-11-10,2072.7,2079.2,2064.5,2077.7,5.2,2078.1,3472.0,97794.0
2015-11-11,2076.5,2086.8,2068.0,2068.5,9.1,2069.0,2553.0,98064.0
2015-11-12,2068.0,2077.1,2040.0,2040.5,28.4,2040.6,6707.0,95790.0
2015-11-13,2039.0,2045.4,2012.3,2018.0,22.0,2018.6,7894.0,96328.0
2015-11-16,2007.9,2050.5,1999.5,2048.0,29.4,2048.0,6667.0,99928.0
2015-11-17,2046.3,2063.0,2043.0,2048.8,1.0,2049.0,5334.0,100257.0
2015-11-18,2048.7,2082.0,2043.3,2080.0,30.7,2079.7,6941.0,98618.0
2015-11-19,2078.0,2089.2,2075.2,2079.0,0.5,2079.2,6995.0,98678.0
2015-11-20,2077.1,2094.0,2076.4,2088.5,9.5,2088.7,4871.0,98798.0
2015-11-23,2088.9,2092.8,2078.8,2084.0,4.5,2084.2,1868.0,95155.0
2015-11-24,2082.7,2091.0,2066.0,2084.8,0.5,2084.7,3909.0,95606.0
2015-11-25,2084.6,2092.1,2082.9,2087.8,3.4,2088.1,2256.0,95203.0
2015-11-27,2089.4,2097.9,2081.5,2089.8,1.8,2089.9,1481.0,94209.0
2015-11-30,2089.7,2094.9,2079.0,2082.7,10.1,2079.8,5400.0,93579.0
2015-12-01,2086.8,2101.0,2083.7,2100.0,20.1,2099.9,6022.0,92826.0
2015-12-02,2099.6,2104.8,2075.9,2081.8,18.3,2081.6,5226.0,94996.0
2015-12-03,2083.0,2095.2,2040.5,2051.5,30.4,2051.2,11325.0,94697.0
2015-12-04,2056.2,2092.5,2047.3,2087.7,37.2,2088.4,14848.0,95048.0
2015-12-07,2092.2,2095.2,2066.0,2081.5,7.4,2081.0,7312.0,91071.0
2015-12-08,2080.3,2080.9,2050.5,2058.7,22.3,2058.7,8948.0,91175.0
2015-12-09,2062.5,2079.5,2036.0,2042.0,16.6,2042.1,14066.0,89631.0
2015-12-10,2047.4,2066.5,2044.5,2049.0,7.2,2049.3,15095.0,89420.0
2015-12-11,2025.0,2033.4,2008.0,2010.0,39.5,2009.8,34365.0,83293.0
2015-12-14,2012.5,2023.5,1995.5,2019.5,8.6,2018.4,25553.0,81266.0
2015-12-15,2038.5,2053.0,2038.5,2044.0,27.2,2045.6,24781.0,64307.0
2015-12-16,2057.0,2075.5,2042.0,2073.7,26.5,2072.1,16605.0,62722.0
2015-12-17,2078.0,2078.0,2037.0,2037.0,37.8,2034.3,9275.0,62425.0
2015-12-18,2024.0,2028.9,1991.5,1993.0,32.8,1991.9,12732.0,70338.0
2015-12-21,1999.0,2019.0,1995.9,2015.0,23.0,2014.9,1227.0,79639.0
2015-12-22,2020.6,2036.3,2007.8,2036.1,21.0,2035.9,3563.0,79568.0
2015-12-23,2034.2,2057.8,2031.5,2053.0,17.1,2053.0,7422.0,80015.0
2015-12-24,2052.9,2059.3,2045.0,2045.0,1.8,2051.2,652.0,79680.0
2015-12-28,2052.4,2053.4,2035.5,2050.5,2.4,2048.8,4504.0,76472.0
2015-12-29,2049.7,2074.0,2048.0,2072.0,24.0,2072.8,8080.0,78894.0
2015-12-30,2072.3,2074.2,2054.0,2054.5,18.2,2054.6,3828.0,79487.0
2015-12-31,2054.5,2057.1,2030.5,2036.5,19.2,2035.4,4211.0,80832.0
2016-01-04,2037.9,2042.4,1981.0,2009.5,26.3,2009.1,20229.0,80698.0
2016-01-05,2010.0,2016.8,1992.6,2011.7,2.6,2011.7,6417.0,93272.0
2016-01-06,2011.9,2012.6,1971.3,1986.5,25.8,1985.9,7025.0,93768.0
2016-01-07,1987.0,1990.5,1929.2,1932.0,53.0,1932.9,9484.0,92642.0
2016-01-08,1933.0,1964.4,1910.0,1912.0,21.4,1911.5,6905.0,94807.0
2016-01-11,1912.7,1928.5,1893.5,1914.4,2.7,1914.2,5421.0,94948.0
2016-01-12,1915.6,1940.0,1899.9,1924.7,10.7,1924.9,6568.0,96681.0
2016-01-13,1926.0,1946.2,1878.0,1881.5,43.5,1881.4,8131.0,98385.0
2016-01-14,1883.6,1927.3,1872.0,1914.5,33.2,1914.6,12369.0,101624.0
2016-01-15,1916.2,1920.4,1849.5,1875.5,39.6,1875.0,13084.0,98837.0
2016-01-19,1867.9,1907.1,1856.8,1873.0,2.1,1872.9,7371.0,108166.0
2016-01-20,1874.0,1877.9,1804.5,1854.0,18.0,1854.9,9942.0,106142.0
2016-01-21,1856.5,1883.0,1836.4,1861.0,6.1,1861.0,6093.0,106160.0
2016-01-22,1860.0,1902.0,1856.1,1899.5,38.2,1899.2,6708.0,104680.0
2016-01-25,1903.9,1904.0,1857.2,1870.0,29.0,1870.2,6150.0,104452.0
2016-01-26,1872.0,1900.0,1851.4,1895.0,25.7,1895.9,6691.0,105569.0
2016-01-27,1885.0,1910.0,1865.0,1875.0,20.8,1875.1,8047.0,104721.0
2016-01-28,1879.0,1896.0,1866.0,1880.0,5.6,1880.7,3490.0,107227.0
2016-01-29,1878.1,1932.0,1877.1,1929.0,49.4,1930.1,11503.0,107524.0
2016-02-01,1931.5,1940.0,1912.8,1931.0,1.2,1931.3,9667.0,107172.0
2016-02-02,1929.0,1929.1,1889.2,1896.8,33.9,1897.4,15281.0,111662.0
2016-02-03,1897.5,1912.0,1865.5,1908.0,11.1,1908.5,4079.0,119117.0
2016-02-04,1908.0,1921.5,1890.7,1908.0,0.7,1907.8,3450.0,119995.0
2016-02-05,1905.5,1913.9,1866.5,1875.0,32.5,1875.3,7134.0,120762.0
2016-02-08,1876.0,1883.8,1822.5,1852.5,23.3,1852.0,5928.0,123988.0
2016-02-09,1850.1,1862.5,1826.0,1848.5,3.8,1848.2,7902.0,126484.0
2016-02-10,1852.0,1876.5,1839.2,1847.0,1.5,1846.7,5363.0,126572.0
2016-02-11,1842.5,1845.9,1803.5,1824.5,22.2,1824.5,16173.0,127334.0
2016-02-12,1828.0,1860.5,1823.9,1858.0,33.8,1858.3,4914.0,130516.0
2016-02-16,1864.5,1892.5,1864.5,1888.5,30.5,1888.8,11580.0,130649.0
2016-02-17,1888.0,1927.0,1882.0,1922.7,33.9,1922.7,7866.0,136859.0
2016-02-18,1926.1,1933.1,1911.5,1916.5,6.1,1916.6,6028.0,135794.0
2016-02-19,1916.4,1922.5,1898.5,1914.0,2.1,1914.5,4931.0,135091.0
2016-02-22,1911.7,1943.7,1909.5,1936.0,21.8,1936.3,5968.0,135669.0
2016-02-23,1934.0,1937.6,1914.0,1916.0,20.2,1916.1,5067.0,137960.0
2016-02-24,1913.8,1933.2,1887.0,1930.0,14.1,1930.2,7762.0,138749.0
2016-02-25,1932.0,1951.0,1920.7,1950.5,20.2,1950.4,6512.0,141880.0
2016-02-26,1949.7,1968.7,1941.8,1942.7,7.7,1942.7,7651.0,142774.0
2016-02-29,1941.0,1956.0,1927.0,1930.0,13.2,1929.5,7045.0,139705.0
2016-03-01,1928.2,1978.2,1921.1,1978.0,48.4,1977.9,11149.0,140773.0
2016-03-02,1976.0,1984.8,1967.0,1983.5,5.7,1983.6,6481.0,142025.0
2016-03-03,1981.7,1992.0,1975.0,1990.7,6.9,1990.5,7766.0,141036.0
2016-03-04,1990.0,2007.0,1985.0,1994.5,4.4,1994.9,5724.0,143199.0
2016-03-07,1994.0,2004.0,1984.8,1999.0,4.2,1999.1,9767.0,143022.0
2016-03-08,1998.0,1999.6,1976.3,1980.5,18.2,1980.9,11963.0,145804.0
2016-03-09,1980.2,1993.6,1979.0,1988.3,8.0,1988.9,9879.0,143878.0
2016-03-10,1990.6,2010.0,1969.5,1989.5,0.1,1988.8,14179.0,139169.0
2016-03-11,2008.0,2022.0,2006.0,2019.5,31.1,2019.9,17722.0,133216.0
2016-03-14,2016.5,2024.0,2013.0,2019.5,1.2,2018.7,18704.0,125089.0
2016-03-15,2007.0,2016.0,2006.0,2015.3,2.9,2015.8,23819.0,113852.0
2016-03-16,2011.5,2031.0,2011.0,2027.0,11.1,2026.9,16140.0,108099.0
2016-03-17,2027.5,2046.7,2023.0,2041.0,12.9,2039.8,9368.0,95963.0
2016-03-18,2032.1,2042.5,2027.4,2037.5,7.1,2037.4,5051.0,57275.0
2016-03-21,2036.9,2044.1,2031.0,2043.0,5.3,2042.7,3722.0,58713.0
2016-03-22,2043.0,2047.0,2028.4,2042.8,0.2,2042.5,3702.0,59507.0
2016-03-23,2040.9,2045.0,2025.5,2028.5,13.7,2028.8,2162.0,59986.0
2016-03-24,2028.0,2029.9,2012.3,2028.2,0.2,2028.6,3335.0,59879.0
2016-03-28,2031.7,2039.3,2022.5,2027.5,0.6,2028.0,1953.0,60166.0
2016-03-29,2030.0,2049.0,2019.5,2047.5,19.5,2047.5,2522.0,61300.0
2016-03-30,2048.7,2064.0,2047.4,2055.0,7.7,2055.2,3030.0,61959.0
2016-03-31,2055.7,2059.5,2047.7,2053.5,3.7,2051.5,4803.0,62896.0
2016-04-01,2052.0,2066.8,2035.8,2064.5,13.6,2065.1,5091.0,66329.0
2016-04-04,2062.0,2071.3,2054.5,2057.8,7.6,2057.5,2347.0,65749.0
2016-04-05,2054.4,2055.2,2034.5,2039.0,18.7,2038.8,2721.0,65384.0
2016-04-06,2041.7,2060.3,2035.5,2060.0,21.4,2060.2,2929.0,66380.0
2016-04-07,2058.3,2061.4,2026.5,2035.0,25.1,2035.1,5338.0,67287.0
2016-04-08,2032.0,2054.0,2030.9,2040.2,5.6,2040.7,3990.0,70203.0
2016-04-11,2040.4,2056.2,2032.7,2034.3,6.2,2034.5,2812.0,70292.0
2016-04-12,2030.9,2058.5,2030.2,2055.5,21.2,2055.7,7375.0,70904.0
2016-04-13,2057.0,2076.8,2054.6,2076.0,20.2,2075.9,4195.0,72211.0
2016-04-14,2075.8,2081.5,2068.0,2077.0,0.7,2076.6,1755.0,74111.0
2016-04-15,2077.3,2079.5,2069.8,2075.0,1.6,2075.0,1638.0,74197.0
2016-04-18,2063.1,2088.5,2058.6,2086.5,11.7,2086.7,4880.0,71147.0
2016-04-19,2085.8,2098.1,2085.0,2093.5,7.0,2093.7,3602.0,70826.0
2016-04-20,2094.0,2105.0,2085.9,2098.0,4.3,2098.0,5641.0,71222.0
2016-04-21,2097.9,2103.6,2079.4,2082.7,15.2,2082.8,7348.0,71776.0
2016-04-22,2080.1,2088.6,2075.0,2086.0,3.2,2086.0,7270.0,73462.0
2016-04-25,2090.1,2090.3,2071.2,2083.0,2.8,2083.2,1802.0,74897.0
2016-04-26,2084.0,2091.0,2079.5,2088.5,5.2,2088.4,5332.0,75268.0
2016-04-27,2082.0,2093.5,2076.5,2091.0,2.3,2090.7,1659.0,78020.0
2016-04-28,2092.5,2094.0,2065.5,2072.0,18.3,2072.4,4852.0,78497.0
2016-04-29,2073.4,2075.6,2046.0,2060.3,13.3,2059.1,5995.0,78862.0
2016-05-02,2059.8,2077.0,2055.8,2074.5,15.2,2074.3,2154.0,76949.0
2016-05-03,2075.0,2075.8,2048.5,2056.5,17.4,2056.9,6801.0,77314.0
2016-05-04,2059.5,2059.8,2039.3,2046.7,10.0,2046.9,3187.0,76318.0
2016-05-05,2047.5,2059.5,2040.0,2043.7,3.0,2043.9,1597.0,76256.0
2016-05-06,2043.0,2054.0,2030.5,2052.5,8.8,2052.7,1361.0,76189.0
2016-05-09,2054.5,2059.5,2048.5,2054.0,1.6,2054.3,3266.0,73263.0
2016-05-10,2053.4,2079.8,2048.5,2077.0,23.3,2077.6,2054.0,73132.0
2016-05-11,2077.3,2078.5,2058.0,2058.2,19.6,2058.0,3890.0,74090.0
2016-05-12,2059.5,2072.5,2048.5,2058.5,0.8,2058.8,1214.0,74593.0
2016-05-13,2059.9,2063.0,2038.8,2043.7,15.2,2043.6,3521.0,73672.0
2016-05-16,2041.0,2068.0,2035.5,2062.7,19.1,2062.7,1725.0,72017.0
2016-05-17,2060.2,2069.3,2037.5,2044.0,19.1,2043.6,4381.0,71901.0
2016-05-18,2043.3,2057.5,2031.0,2041.5,2.0,2041.6,2460.0,72135.0
2016-05-19,2042.5,2044.2,2022.3,2038.5,2.9,2038.7,4979.0,72664.0
2016-05-20,2038.8,2055.5,2037.7,2049.7,11.3,2050.0,4779.0,74470.0
2016-05-23,2052.8,2055.7,2043.7,2045.1,4.7,2045.3,2157.0,76082.0
2016-05-24,2044.9,2077.0,2041.3,2075.2,29.7,2075.0,4796.0,77260.0
2016-05-25,2075.0,2092.5,2074.1,2087.5,12.3,2087.3,2505.0,76413.0
2016-05-26,2088.4,2091.2,2083.0,2090.0,2.4,2089.7,2875.0,77266.0
2016-05-27,2090.7,2098.3,2088.0,2097.0,7.6,2097.3,1828.0,78442.0
2016-05-31,2099.0,2103.6,2086.0,2095.0,2.4,2094.9,6413.0,79356.0
2016-06-01,2094.0,2099.0,2083.5,2098.0,3.0,2097.9,3977.0,81467.0
2016-06-02,2096.8,2104.5,2087.0,2103.5,5.9,2103.8,3342.0,82351.0
2016-06-03,2103.3,2105.7,2084.0,2097.7,6.0,2097.8,5353.0,82937.0
2016-06-06,2098.0,2112.2,2094.8,2108.0,10.5,2108.3,2702.0,85007.0
2016-06-07,2108.3,2117.8,2107.0,2110.5,2.0,2110.3,2625.0,85169.0
2016-06-08,2109.6,2119.0,2107.9,2118.0,7.8,2118.1,5344.0,85352.0
2016-06-09,2117.1,2118.0,2106.8,2113.8,3.9,2114.2,15430.0,83248.0
2016-06-10,2099.5,2102.0,2089.5,2096.0,17.9,2096.3,15761.0,77935.0
2016-06-13,2087.5,2097.0,2078.3,2078.7,17.6,2078.7,27825.0,74501.0
2016-06-14,2076.0,2081.0,2065.0,2074.0,4.3,2074.4,20870.0,63736.0
2016-06-15,2080.0,2083.3,2070.5,2071.5,2.6,2071.8,8453.0,49147.0
2016-06-16,2062.0,2079.5,2050.8,2079.5,7.4,2079.2,8042.0,46833.0
2016-06-17,2079.12,2079.12,2079.12,2079.12,,2079.12,0.0,45552.0
2016-06-20,2073.0,2092.0,2071.5,2074.0,15.3,2074.2,2932.0,63198.0
2016-06-21,2075.8,2086.0,2074.2,2080.5,6.2,2080.4,1646.0,63845.0
2016-06-22,2078.2,2091.0,2076.0,2076.5,3.7,2076.7,2822.0,63698.0
2016-06-23,2083.0,2112.5,2083.0,2106.0,29.1,2105.8,4893.0,64616.0
2016-06-24,2115.0,2119.4,1999.0,2019.0,87.2,2018.6,17684.0,66631.0
2016-06-27,2014.8,2022.2,1981.5,1985.5,33.7,1984.9,9842.0,72887.0
2016-06-28,1990.0,2029.7,1983.1,2028.3,43.5,2028.4,7561.0,77014.0
2016-06-29,2027.5,2074.5,2023.0,2066.2,38.4,2066.8,5168.0,81922.0
2016-06-30,2072.8,2091.0,2056.5,2088.5,23.4,2090.2,8497.0,84869.0
2016-07-01,2086.9,2100.5,2082.0,2095.3,6.1,2096.3,5107.0,84773.0
2016-07-05,2098.5,2104.1,2072.5,2083.0,13.6,2082.7,5663.0,86088.0
2016-07-06,2082.0,2094.2,2066.5,2093.7,11.4,2094.1,3021.0,87015.0
2016-07-07,2091.5,2101.5,2082.5,2092.0,2.1,2092.0,3026.0,87557.0
2016-07-08,2091.3,2125.0,2088.0,2120.0,28.5,2120.5,8299.0,88186.0
2016-07-11,2123.5,2136.5,2123.1,2130.5,9.8,2130.3,2770.0,88604.0
2016-07-12,2130.8,2149.0,2129.1,2145.5,15.5,2145.8,6471.0,89956.0
2016-07-13,2145.5,2152.0,2139.7,2146.5,0.1,2145.9,3918.0,90561.0
2016-07-14,2144.6,2167.7,2143.3,2157.0,11.3,2157.2,4239.0,91902.0
2016-07-15,2156.1,2164.0,2143.8,2152.3,4.5,2152.7,5603.0,93402.0
2016-07-18,2154.4,2162.9,2153.5,2159.7,7.2,2159.9,1726.0,94298.0
2016-07-19,2160.0,2161.0,2151.7,2158.5,1.2,2158.7,2522.0,94067.0
2016-07-20,2159.0,2169.5,2155.3,2167.5,8.9,2167.6,1541.0,94151.0
2016-07-21,2167.5,2169.9,2153.5,2157.8,9.7,2157.9,3032.0,94563.0
2016-07-22,2158.6,2169.0,2156.5,2167.5,9.5,2167.4,2432.0,94150.0
2016-07-25,2167.6,2171.9,2156.0,2162.0,5.2,2162.2,1698.0,93657.0
2016-07-26,2162.7,2167.5,2154.0,2163.0,1.1,2163.3,3360.0,93514.0
2016-07-27,2164.6,2169.2,2153.7,2160.5,2.7,2160.6,4899.0,93872.0
2016-07-28,2162.5,2168.2,2154.0,2164.3,4.1,2164.7,1429.0,95852.0
2016-07-29,2165.7,2171.5,2157.5,2171.0,3.5,2168.2,6143.0,95514.0
2016-08-01,2173.4,2177.4,2160.2,2165.0,3.8,2164.4,2916.0,91190.0
2016-08-02,2166.1,2170.2,2142.0,2152.5,11.7,2152.7,3811.0,92028.0
2016-08-03,2152.2,2158.2,2145.3,2156.8,4.3,2157.0,1686.0,93992.0
2016-08-04,2156.8,2164.2,2154.0,2159.2,2.3,2159.3,1127.0,93586.0
2016-08-05,2160.0,2178.2,2159.8,2177.3,17.5,2176.8,2783.0,91615.0
2016-08-08,2176.0,2182.7,2173.5,2175.7,1.3,2175.5,1481.0,91044.0
2016-08-09,2176.0,2183.2,2174.0,2177.5,2.1,2177.6,1611.0,90963.0
2016-08-10,2177.5,2181.2,2167.8,2172.5,4.9,2172.7,1668.0,91107.0
2016-08-11,2171.6,2185.0,2169.6,2181.5,9.1,2181.8,4323.0,91416.0
2016-08-12,2182.1,2183.8,2175.8,2180.5,1.6,2180.2,1137.0,91167.0
2016-08-15,2180.6,2190.7,2180.6,2186.0,5.7,2185.9,1843.0,91059.0
2016-08-16,2185.9,2185.9,2175.0,2177.0,9.1,2176.8,5143.0,91280.0
2016-08-17,2177.7,2181.7,2166.0,2179.5,2.9,2179.7,3089.0,93121.0
2016-08-18,2180.6,2184.5,2176.3,2183.5,3.9,2183.6,2370.0,94604.0
2016-08-19,2183.6,2183.9,2172.8,2181.5,1.9,2181.7,3222.0,95067.0
2016-08-22,2181.6,2184.4,2173.8,2181.3,0.3,2181.4,2722.0,97336.0
2016-08-23,2180.3,2191.2,2180.1,2185.3,3.8,2185.2,2282.0,97220.0
2016-08-24,2185.2,2187.4,2169.5,2175.0,10.3,2174.9,4608.0,98206.0
2016-08-25,2174.4,2177.0,2167.5,2173.5,1.3,2173.6,4816.0,98094.0
2016-08-26,2173.8,2186.5,2157.5,2168.5,5.2,2168.4,4522.0,98615.0
2016-08-29,2167.6,2182.0,2164.5,2179.0,10.9,2179.3,6334.0,95025.0
2016-08-30,2179.5,2181.0,2169.0,2175.5,4.1,2175.2,3172.0,98029.0
2016-08-31,2175.8,2175.9,2160.5,2169.5,5.7,2169.5,4377.0,96929.0
2016-09-01,2169.0,2176.9,2155.5,2167.5,2.2,2167.3,5727.0,95677.0
2016-09-02,2166.7,2183.3,2164.6,2178.0,10.7,2178.0,2198.0,96285.0
2016-09-06,2179.2,2185.7,2173.7,2184.0,6.5,2184.5,4700.0,97132.0
2016-09-07,2184.6,2186.5,2177.5,2184.5,0.1,2184.6,12423.0,97285.0
2016-09-08,2184.5,2189.1,2176.8,2178.0,7.1,2177.5,21043.0,101171.0
2016-09-09,2163.5,2164.5,2121.5,2121.5,54.8,2122.7,21387.0,99878.0
2016-09-12,2117.5,2161.0,2117.5,2157.0,35.9,2158.6,20481.0,91819.0
2016-09-13,2142.0,2145.0,2119.5,2128.5,29.8,2128.8,20407.0,84627.0
2016-09-14,2128.0,2140.0,2119.5,2119.5,8.6,2120.2,15723.0,79373.0
2016-09-15,2123.5,2151.0,2123.0,2147.0,24.8,2145.0,9488.0,76275.0
2016-09-16,2139.96,2139.96,2139.96,2139.96,,2139.96,0.0,73636.0
2016-09-19,2131.4,2146.5,2128.0,2132.8,0.4,2132.9,4137.0,55589.0
2016-09-20,2133.9,2143.2,2129.0,2131.5,1.8,2131.1,5006.0,58002.0
2016-09-21,2130.0,2157.5,2127.0,2156.5,25.1,2156.2,3067.0,61112.0
2016-09-22,2155.2,2172.3,2152.8,2167.5,12.1,2168.3,2977.0,61789.0
2016-09-23,2168.3,2169.2,2156.5,2158.5,10.2,2158.1,3543.0,62510.0
2016-09-26,2156.2,2159.2,2137.7,2139.5,18.4,2139.7,3451.0,63595.0
2016-09-27,2139.1,2153.7,2133.5,2152.7,13.1,2152.8,3742.0,63620.0
2016-09-28,2152.2,2165.3,2144.0,2162.8,10.4,2163.2,3153.0,63681.0
2016-09-29,2163.5,2166.9,2138.0,2149.0,14.7,2148.5,3878.0,63210.0
2016-09-30,2144.7,2168.1,2136.0,2159.0,11.9,2160.4,4288.0,63453.0
2016-10-03,2159.0,2164.0,2147.0,2153.0,7.2,2153.2,7470.0,62861.0
2016-10-04,2153.9,2159.7,2136.5,2144.7,8.5,2144.7,10695.0,66222.0
2016-10-05,2144.5,2158.0,2141.4,2153.2,8.6,2153.3,1924.0,74151.0
2016-10-06,2153.5,2157.5,2143.7,2156.5,3.2,2156.5,2333.0,74463.0
2016-10-07,2155.2,2160.6,2138.5,2146.8,10.0,2146.5,1531.0,75227.0
2016-10-10,2151.2,2163.2,2148.9,2159.0,12.6,2159.1,2284.0,75532.0
2016-10-11,2159.0,2160.6,2122.5,2134.0,24.7,2134.4,7748.0,75332.0
2016-10-12,2135.0,2140.5,2126.3,2131.5,2.9,2131.5,3347.0,77767.0
2016-10-13,2127.0,2131.5,2108.0,2126.2,5.2,2126.3,2919.0,77681.0
2016-10-14,2125.5,2143.0,2122.5,2126.8,0.6,2126.9,3852.0,77750.0
2016-10-17,2127.7,2129.4,2117.2,2123.0,3.8,2123.1,1228.0,75817.0
2016-10-18,2121.7,2139.6,2121.0,2131.5,8.8,2131.9,4361.0,76174.0
2016-10-19,2132.0,2142.0,2126.8,2138.2,6.2,2138.1,1407.0,75901.0
2016-10-20,2137.2,2144.2,2127.0,2136.5,1.0,2137.1,1967.0,75630.0
2016-10-21,2138.0,2138.0,2123.5,2134.5,2.4,2134.7,6022.0,75843.0
2016-10-24,2137.0,2148.5,2135.4,2144.0,9.6,2144.3,4279.0,78111.0
2016-10-25,2144.8,2149.4,2135.5,2138.0,6.3,2138.0,2627.0,80447.0
2016-10-26,2134.0,2140.0,2125.0,2134.0,3.9,2134.1,3188.0,82086.0
2016-10-27,2133.6,2143.6,2123.0,2123.3,10.7,2123.4,3095.0,82303.0
2016-10-28,2127.5,2135.0,2113.3,2123.5,0.4,2123.8,5057.0,81703.0
2016-10-31,2122.0,2130.0,2115.8,2122.7,3.7,2120.1,2665.0,81295.0
2016-11-01,2123.0,2129.2,2091.5,2103.3,16.3,2103.8,5785.0,81031.0
2016-11-02,2101.5,2106.2,2088.0,2092.5,11.5,2092.3,2541.0,83717.0
2016-11-03,2091.5,2098.7,2080.0,2083.7,8.7,2083.6,3209.0,83779.0
2016-11-04,2084.0,2094.0,2079.0,2079.0,3.6,2080.0,2213.0,83316.0
2016-11-07,2103.5,2130.5,2103.3,2129.5,49.1,2129.1,6965.0,83734.0
2016-11-08,2128.5,2142.5,2119.0,2135.3,6.4,2135.5,3095.0,84784.0
2016-11-09,2141.4,2166.5,2028.5,2160.1,24.8,2160.3,8117.0,84755.0
2016-11-10,2157.0,2180.5,2149.0,2166.5,6.9,2167.2,4277.0,86626.0
2016-11-11,2164.5,2169.8,2149.0,2161.0,5.6,2161.6,1525.0,87249.0
2016-11-14,2164.5,2174.2,2152.5,2160.5,1.2,2160.4,2100.0,82086.0
2016-11-15,2161.5,2179.5,2158.7,2179.0,18.9,2179.3,4119.0,82155.0
2016-11-16,2178.6,2184.5,2169.1,2172.7,6.5,2172.8,4653.0,82103.0
2016-11-17,2172.6,2185.0,2172.0,2184.2,11.5,2184.3,2489.0,84394.0
2016-11-18,2181.1,2187.0,2176.7,2181.0,3.5,2180.8,3203.0,84723.0
2016-11-21,2179.9,2196.5,2179.4,2193.0,12.1,2192.9,3546.0,86665.0
2016-11-22,2193.4,2202.5,2192.0,2200.0,7.4,2200.3,1904.0,87093.0
2016-11-23,2200.5,2203.3,2192.2,2200.7,0.5,2200.8,2019.0,87641.0
2016-11-25,2201.1,2211.5,2198.0,2211.5,10.5,2211.3,1910.0,87590.0
2016-11-28,2207.5,2209.2,2198.5,2200.7,10.5,2200.8,5020.0,87331.0
2016-11-29,2200.0,2209.0,2197.0,2203.7,3.0,2203.8,4073.0,89100.0
2016-11-30,2204.1,2213.4,2197.8,2199.0,5.0,2198.8,5350.0,88779.0
2016-12-01,2199.4,2202.9,2186.5,2192.0,6.7,2192.1,2991.0,87613.0
2016-12-02,2190.8,2197.0,2184.6,2192.0,,2192.1,3069.0,88741.0
2016-12-05,2181.8,2208.3,2180.0,2204.0,12.1,2204.2,4516.0,84071.0
2016-12-06,2204.2,2212.0,2200.4,2210.5,5.9,2210.1,5196.0,84291.0
2016-12-07,2210.9,2241.0,2206.8,2237.0,26.6,2236.7,5895.0,84498.0
2016-12-08,2235.0,2251.2,2233.8,2247.5,11.0,2247.7,10010.0,85956.0
2016-12-09,2248.0,2260.5,2248.0,2260.3,12.4,2260.1,24773.0,84159.0
2016-12-12,2259.0,2263.7,2252.8,2257.5,4.1,2256.0,19112.0,75611.0
2016-12-13,2266.5,2277.3,2265.0,2274.0,17.2,2273.2,24497.0,68687.0
2016-12-14,2269.0,2274.0,2249.0,2256.5,16.2,2257.0,14867.0,56302.0
2016-12-15,2256.8,2271.0,2256.0,2264.0,,2263.4,4982.0,51522.0
2016-12-16,2268.63,2268.63,2268.63,2268.63,,2268.63,0.0,51407.0
2016-12-19,2257.0,2263.5,2254.2,2260.3,4.8,2260.1,4558.0,52748.0
2016-12-20,2262.2,2269.0,2261.9,2266.2,6.4,2266.5,6055.0,53816.0
2016-12-21,2267.0,2267.5,2258.3,2260.2,6.1,2260.4,3457.0,54531.0
2016-12-22,2258.6,2260.7,2251.8,2258.5,1.7,2258.7,1903.0,56622.0
2016-12-23,2259.0,2260.7,2254.7,2259.7,1.3,2260.0,1617.0,57036.0
2016-12-27,2258.7,2269.0,2257.9,2261.0,0.9,2260.9,937.0,56994.0
2016-12-28,2262.1,2267.3,2244.0,2245.4,15.6,2245.3,3131.0,56668.0
2016-12-29,2246.0,2249.3,2239.5,2245.0,0.2,2245.1,2899.0,55980.0
2016-12-30,2246.4,2252.1,2228.8,2234.5,8.9,2236.2,5885.0,57712.0
2017-01-03,2239.7,2259.0,2239.7,2252.7,16.4,2252.6,5129.0,63489.0
2017-01-04,2252.7,2267.0,2251.6,2264.5,11.7,2264.3,5904.0,64288.0
2017-01-05,2264.5,2265.4,2254.0,2264.5,,2264.3,5947.0,62499.0
2017-01-06,2265.3,2276.5,2258.5,2271.5,7.2,2271.5,3695.0,62093.0
2017-01-09,2272.0,2274.9,2263.5,2265.1,6.5,2265.0,2704.0,60355.0
2017-01-10,2263.0,2274.0,2260.0,2263.5,1.3,2263.7,2715.0,59194.0
2017-01-11,2264.2,2271.3,2255.7,2270.8,6.9,2270.6,1742.0,60296.0
2017-01-12,2268.2,2268.3,2249.0,2263.4,7.2,2263.4,2645.0,60378.0
2017-01-13,2264.5,2273.0,2263.8,2272.7,9.1,2272.5,2301.0,60408.0
2017-01-17,2266.2,2268.4,2257.5,2262.7,9.8,2262.7,3099.0,60348.0
2017-01-18,2263.2,2268.3,2259.0,2267.0,3.9,2266.6,2075.0,60552.0
2017-01-19,2266.0,2269.3,2253.5,2261.7,5.0,2261.6,5771.0,60806.0
2017-01-20,2261.9,2272.2,2260.0,2265.8,4.3,2265.9,6884.0,61920.0
2017-01-23,2262.3,2267.0,2252.0,2262.1,3.9,2262.0,3349.0,63638.0
2017-01-24,2260.8,2280.0,2259.7,2275.0,12.6,2274.6,8199.0,62737.0
2017-01-25,2276.9,2295.2,2275.6,2294.3,19.3,2293.9,3755.0,63561.0
2017-01-26,2292.7,2298.8,2289.8,2294.0,0.2,2294.1,3437.0,63792.0
2017-01-27,2292.1,2296.5,2287.5,2289.3,5.0,2289.1,4146.0,64465.0
2017-01-30,2283.1,2285.3,2264.0,2275.8,13.1,2276.0,1798.0,62364.0
2017-01-31,2276.0,2277.5,2262.5,2275.3,1.5,2274.5,2873.0,62476.0
2017-02-01,2276.0,2285.0,2268.5,2274.8,,2274.5,2420.0,66436.0
2017-02-02,2270.7,2279.5,2264.6,2275.0,0.9,2275.4,4038.0,65537.0
2017-02-03,2273.5,2293.7,2271.3,2291.2,15.6,2291.0,4668.0,65705.0
2017-02-06,2290.9,2294.0,2284.0,2286.7,4.5,2286.5,4142.0,65826.0
2017-02-07,2286.0,2294.7,2284.5,2288.5,1.9,2288.4,4849.0,65892.0
2017-02-08,2285.0,2292.0,2281.5,2290.3,1.8,2290.2,2514.0,68191.0
2017-02-09,2290.7,2307.5,2288.3,2304.5,14.1,2304.3,2827.0,68270.0
2017-02-10,2304.0,2315.8,2303.5,2312.7,8.4,2312.7,3171.0,69287.0
2017-02-13,2316.0,2328.5,2313.8,2326.5,13.6,2326.3,1716.0,69866.0
2017-02-14,2325.5,2337.5,2320.0,2337.5,10.7,2337.0,3943.0,70331.0
2017-02-15,2335.8,2351.0,2331.7,2350.5,13.4,2350.4,2575.0,70224.0
2017-02-16,2348.5,2349.4,2337.0,2345.5,4.8,2345.6,2942.0,70881.0
2017-02-17,2345.0,2349.0,2336.6,2347.8,2.3,2347.9,3198.0,71826.0
2017-02-21,2347.4,2364.5,2346.4,2359.5,12.1,2360.0,5812.0,77326.0
2017-02-22,2360.0,2363.4,2355.3,2361.2,0.9,2360.9,3512.0,78292.0
2017-02-23,2362.3,2366.6,2353.3,2363.2,1.9,2362.8,5116.0,78522.0
2017-02-24,2359.4,2365.5,2349.8,2364.5,2.1,2364.9,2756.0,78354.0
2017-02-27,2364.3,2370.5,2361.2,2368.3,3.4,2368.3,2720.0,77982.0
2017-02-28,2366.0,2368.4,2358.0,2363.0,5.5,2362.8,7033.0,78954.0
2017-03-01,2365.0,2400.7,2363.8,2393.3,30.7,2393.5,18007.0,89543.0
2017-03-02,2393.5,2394.2,2378.5,2382.0,11.6,2381.9,3470.0,91998.0
2017-03-03,2379.9,2383.0,2374.1,2380.5,0.7,2381.2,4569.0,91829.0
2017-03-06,2375.3,2378.3,2367.2,2375.4,5.8,2375.4,4031.0,89251.0
2017-03-07,2372.8,2375.0,2365.0,2366.5,9.0,2366.4,3651.0,88941.0
2017-03-08,2362.5,2372.5,2360.2,2364.3,2.3,2364.1,5122.0,88843.0
2017-03-09,2363.2,2369.0,2354.0,2366.5,2.2,2366.3,9792.0,89515.0
2017-03-10,2376.0,2377.0,2364.0,2372.0,5.5,2371.8,11256.0,83201.0
2017-03-13,2373.3,2375.0,2370.0,2375.0,3.2,2375.0,21786.0,73174.0
2017-03-14,2368.5,2368.5,2359.0,2366.7,8.6,2366.4,12744.0,63853.0
2017-03-15,2372.0,2389.5,2369.3,2383.7,17.3,2383.7,8492.0,54029.0
2017-03-16,2388.0,2388.0,2378.0,2382.5,,2382.7,6814.0,53150.0
2017-03-17,,,,,,2385.8,0.0,50689.0
2017-03-20,2373.0,2375.7,2365.8,2370.3,4.9,2370.3,1434.0,46986.0
2017-03-21,2368.0,2378.2,2338.5,2342.5,28.1,2342.2,3970.0,47437.0
2017-03-22,2337.4,2348.5,2332.7,2342.8,0.4,2342.6,4246.0,49103.0
2017-03-23,2344.6,2356.0,2339.0,2339.5,2.6,2340.0,3390.0,51200.0
2017-03-24,2348.7,2352.0,2332.0,2345.0,4.8,2344.8,1252.0,51714.0
2017-03-27,2336.8,2341.5,2318.0,2339.0,6.4,2338.4,2504.0,51454.0
2017-03-28,2340.4,2359.7,2334.0,2351.5,13.0,2351.4,5643.0,52952.0
2017-03-29,2353.0,2359.7,2349.0,2357.2,5.6,2357.0,1364.0,56991.0
2017-03-30,2357.7,2367.0,2353.6,2365.0,7.6,2364.6,1194.0,56607.0
2017-03-31,2365.0,2366.5,2357.0,2359.3,5.4,2359.2,1922.0,56449.0
2017-04-03,2358.8,2363.2,2340.0,2356.0,3.1,2356.1,4761.0,55260.0
2017-04-04,2351.2,2358.7,2345.1,2356.7,0.5,2356.6,759.0,55301.0
2017-04-05,2353.9,2374.7,2344.1,2346.5,10.0,2346.6,1586.0,55146.0
2017-04-06,2343.0,2360.5,2338.0,2353.9,7.1,2353.7,1691.0,55418.0
2017-04-07,2349.0,2360.3,2337.1,2352.2,1.5,2352.2,758.0,55905.0
2017-04-10,2352.9,2363.0,2348.5,2353.0,0.3,2352.5,4975.0,55056.0
2017-04-11,2353.0,2355.6,2334.0,2351.5,1.4,2351.1,3780.0,55283.0
2017-04-12,2348.0,2356.2,2338.0,2340.5,10.3,2340.8,3783.0,53811.0
2017-04-13,2339.0,2344.5,2324.3,2327.5,13.4,2327.4,5227.0,53208.0
2017-04-17,2325.0,2345.5,2322.9,2344.7,17.6,2345.0,3967.0,54324.0
2017-04-18,2344.1,2346.6,2331.5,2337.5,7.7,2337.3,6805.0,55638.0
2017-04-19,2340.0,2349.0,2331.5,2333.7,3.6,2333.7,1384.0,59342.0
2017-04-20,2334.0,2357.7,2332.9,2352.0,18.4,2352.1,3560.0,60048.0
2017-04-21,2352.9,2355.8,2341.3,2347.3,4.7,2347.4,2894.0,59494.0
2017-04-24,2364.5,2376.6,2364.5,2370.0,22.6,2370.0,7746.0,59664.0
2017-04-25,2371.9,2388.5,2368.4,2384.8,15.0,2385.0,2547.0,61593.0
2017-04-26,2384.5,2394.7,2381.9,2382.3,2.8,2382.2,4659.0,62198.0
2017-04-27,2381.6,2388.0,2379.0,2386.0,3.9,2386.1,2638.0,63811.0
2017-04-28,2385.2,2388.4,2378.5,2380.7,5.6,2380.5,2208.0,63344.0
2017-05-01,2377.9,2390.7,2377.4,2387.5,6.4,2386.9,1429.0,63576.0
2017-05-02,2385.6,2389.0,2382.5,2385.7,1.1,2385.8,3920.0,64182.0
2017-05-03,2384.2,2385.7,2376.2,2383.5,2.6,2383.2,5528.0,64510.0
2017-05-04,2385.9,2390.6,2376.5,2385.5,2.3,2385.5,3692.0,67202.0
2017-05-05,2379.4,2398.9,2379.4,2397.7,12.2,2397.7,3566.0,69358.0
2017-05-08,2401.6,2403.4,2390.0,2394.5,2.7,2395.0,2889.0,69478.0
2017-05-09,2395.4,2400.0,2389.0,2393.2,1.7,2393.3,3348.0,70928.0
2017-05-10,2389.4,2396.8,2387.9,2395.5,2.0,2395.3,4515.0,72264.0
2017-05-11,2394.4,2394.4,2379.5,2391.3,4.2,2391.1,4532.0,75471.0
2017-05-12,2390.8,2391.6,2384.5,2388.5,2.4,2388.7,1988.0,77010.0
2017-05-15,2389.0,2402.0,2388.1,2398.5,9.7,2398.4,3275.0,76397.0
2017-05-16,2398.1,2404.3,2394.3,2397.5,1.3,2397.1,2039.0,71762.0
2017-05-17,2392.4,2392.6,2355.0,2357.3,39.6,2357.5,9658.0,70891.0
2017-05-18,2356.7,2374.5,2344.5,2363.6,6.1,2363.6,3319.0,75300.0
2017-05-19,2364.1,2388.0,2361.4,2381.5,17.9,2381.5,7224.0,75574.0
2017-05-22,2382.1,2394.0,2378.5,2393.0,11.2,2392.7,2207.0,81991.0
2017-05-23,2390.8,2399.3,2387.1,2398.0,5.3,2398.0,1543.0,79827.0
2017-05-24,2396.0,2404.0,2395.1,2401.5,3.9,2401.9,1626.0,77128.0
2017-05-25,2404.0,2417.5,2403.1,2413.5,11.5,2413.4,2768.0,77360.0
2017-05-26,2412.9,2415.4,2408.4,2413.8,0.4,2413.8,756.0,79627.0
2017-05-30,2415.9,2416.7,2407.9,2411.0,3.1,2410.7,1878.0,77042.0
2017-05-31,2411.0,2416.4,2403.0,2414.0,0.4,2411.1,3538.0,77345.0
2017-06-01,2413.1,2430.0,2410.9,2430.0,18.5,2429.6,3276.0,75803.0
2017-06-02,2429.6,2439.2,2428.0,2438.0,8.1,2437.7,4903.0,76925.0
2017-06-05,2434.0,2438.5,2433.4,2434.7,3.2,2434.5,1015.0,77710.0
2017-06-06,2433.0,2435.5,2426.6,2430.7,3.7,2430.8,4176.0,77969.0
2017-06-07,2431.9,2434.5,2424.5,2431.5,1.1,2431.9,3628.0,76415.0
2017-06-08,2431.4,2438.0,2428.0,2433.0,0.6,2432.5,10930.0,75025.0
2017-06-09,2436.5,2445.2,2417.0,2431.0,2.0,2430.5,10107.0,72284.0
2017-06-12,2426.0,2429.5,2420.5,2428.7,2.0,2428.5,16350.0,72649.0
2017-06-13,2436.0,2441.2,2431.5,2440.5,11.5,2440.0,23942.0,67171.0
2017-06-14,2443.0,2443.0,2429.0,2437.3,2.8,2437.2,9780.0,57572.0
2017-06-15,2422.0,2434.5,2421.0,2434.3,2.9,2434.3,2766.0,52840.0
2017-06-16,,,,,,2434.89,14.0,51124.0
2017-06-19,2433.5,2451.0,2433.4,2447.5,16.5,2447.5,3209.0,37591.0
2017-06-20,2449.0,2450.6,2434.2,2437.5,10.0,2437.5,1147.0,40193.0
2017-06-21,2436.0,2439.7,2428.5,2433.8,3.9,2433.6,1466.0,40278.0
2017-06-22,2430.0,2438.5,2428.5,2432.0,1.8,2431.8,499.0,40566.0
2017-06-23,2432.0,2438.0,2428.5,2435.2,3.1,2434.9,1185.0,39640.0
2017-06-26,2435.5,2447.4,2430.4,2436.5,1.1,2436.0,549.0,39693.0
2017-06-27,2437.1,2437.4,2417.0,2420.5,15.4,2420.6,2194.0,39716.0
2017-06-28,2419.0,2442.0,2414.3,2438.6,17.8,2438.4,2864.0,40637.0
2017-06-29,2443.9,2444.6,2403.0,2419.7,18.4,2420.0,2348.0,41783.0
2017-06-30,2421.1,2429.0,2415.4,2420.5,0.9,2420.9,1656.0,41620.0
2017-07-03,2427.3,2436.5,2422.7,2425.2,4.1,2425.0,923.0,42673.0
2017-07-05,2427.0,2432.0,2419.0,2428.3,3.0,2428.0,2667.0,42446.0
2017-07-06,2428.0,2430.1,2405.8,2408.3,19.6,2408.4,1855.0,44036.0
2017-07-07,2410.5,2424.5,2407.6,2422.7,14.2,2422.6,1713.0,44829.0
2017-07-10,2426.0,2430.0,2420.0,2424.5,2.0,2424.6,1430.0,45057.0
2017-07-11,2424.0,2427.2,2411.0,2424.3,0.1,2424.5,2869.0,44424.0
2017-07-12,2422.9,2443.5,2422.8,2440.0,15.6,2440.1,4058.0,45270.0
2017-07-13,2444.2,2447.0,2439.5,2445.5,5.5,2445.6,752.0,47124.0
2017-07-14,2446.0,2460.5,2442.2,2456.2,10.5,2456.1,2472.0,47132.0
2017-07-17,2457.1,2460.5,2454.4,2458.8,2.5,2458.6,952.0,46947.0
2017-07-18,2458.5,2460.6,2448.0,2457.7,0.8,2457.8,1116.0,47357.0
2017-07-19,2459.1,2471.8,2458.3,2471.8,13.6,2471.4,1381.0,48102.0
2017-07-20,2470.0,2475.9,2466.0,2471.3,0.2,2471.2,1671.0,48353.0
2017-07-21,2471.3,2475.2,2463.5,2469.5,1.8,2469.4,6335.0,49113.0
2017-07-24,2466.0,2470.3,2463.6,2468.5,1.0,2468.4,1258.0,54422.0
2017-07-25,2468.2,2478.5,2466.6,2474.7,5.7,2474.1,3877.0,54668.0
2017-07-26,2473.0,2479.4,2472.0,2473.8,0.8,2473.3,1052.0,55532.0
2017-07-27,2477.4,2480.0,2458.0,2471.7,1.4,2471.9,1656.0,55262.0
2017-07-28,2462.6,2471.1,2461.6,2470.5,1.6,2470.3,1012.0,55473.0
2017-07-31,2474.0,2475.2,2465.5,2469.7,2.3,2468.0,4579.0,55995.0
2017-08-01,2468.0,2477.0,2466.7,2472.8,4.3,2472.3,2116.0,55853.0
2017-08-02,2474.1,2475.6,2463.5,2473.5,1.2,2473.5,1186.0,56500.0
2017-08-03,2472.3,2474.4,2467.0,2471.5,1.8,2471.7,1546.0,54775.0
2017-08-04,2470.7,2477.5,2468.1,2472.7,0.4,2472.1,2531.0,55224.0
2017-08-07,2476.1,2478.0,2473.1,2477.3,5.3,2477.4,1389.0,55459.0
2017-08-08,2476.1,2488.0,2467.3,2473.0,4.6,2472.8,1278.0,58952.0
2017-08-09,2468.6,2474.1,2459.3,2473.3,0.2,2473.0,1633.0,58771.0
2017-08-10,2473.7,2473.8,2433.1,2437.7,35.4,2437.6,6346.0,59110.0
2017-08-11,2436.1,2446.2,2430.6,2440.3,2.5,2440.1,1241.0,59403.0
2017-08-14,2447.0,2466.3,2446.9,2463.6,23.4,2463.5,4260.0,60446.0
2017-08-15,2463.1,2472.9,2460.3,2463.5,0.2,2463.7,1488.0,62277.0
2017-08-16,2464.8,2473.7,2462.0,2467.5,3.8,2467.5,591.0,61608.0
2017-08-17,2465.6,2468.1,2424.1,2429.9,38.0,2429.5,5419.0,61616.0
2017-08-18,2425.9,2439.0,2420.0,2426.7,2.7,2426.8,5974.0,63440.0
2017-08-21,2431.2,2431.2,2416.5,2428.0,1.2,2428.0,941.0,65720.0
2017-08-22,2429.4,2454.0,2427.8,2453.3,24.8,2452.8,1752.0,65695.0
2017-08-23,2453.1,2454.4,2439.0,2441.5,11.3,2441.5,1289.0,67113.0
2017-08-24,2439.3,2448.8,2435.0,2441.0,0.7,2440.8,1494.0,67307.0
2017-08-25,2442.1,2453.2,2437.6,2443.0,1.7,2442.5,4024.0,67703.0
2017-08-28,2442.8,2449.0,2436.4,2443.5,1.2,2443.7,1005.0,71050.0
2017-08-29,2429.3,2448.5,2421.3,2447.0,3.4,2447.1,1661.0,71201.0
2017-08-30,2446.5,2459.7,2443.0,2456.2,8.7,2455.8,2916.0,70873.0
2017-08-31,2458.0,2474.0,2455.3,2469.3,14.3,2470.1,12374.0,70000.0
2017-09-01,2472.0,2479.5,2470.7,2475.0,4.1,2474.2,2113.0,72006.0
2017-09-05,2463.0,2471.0,2446.0,2460.5,14.5,2459.7,3937.0,69104.0
2017-09-06,2459.3,2468.7,2456.8,2465.6,5.8,2465.5,4928.0,69320.0
2017-09-07,2461.0,2469.0,2458.0,2466.5,0.9,2466.4,8070.0,67700.0
2017-09-08,2461.0,2466.3,2458.8,2463.2,3.8,2462.6,13856.0,66137.0
2017-09-11,2477.0,2488.2,2476.0,2487.0,24.9,2487.5,13334.0,60520.0
2017-09-12,2491.0,2496.0,2489.8,2496.0,8.4,2495.9,12647.0,50120.0
2017-09-13,2492.5,2496.7,2491.0,2496.5,0.7,2496.6,9990.0,41797.0
2017-09-14,2492.5,2497.5,2491.5,2496.5,0.2,2496.4,7443.0,42288.0
2017-09-15,,,,,,2496.83,0.0,42466.0
2017-09-18,2498.2,2505.8,2497.7,2502.7,5.5,2502.7,2294.0,39765.0
2017-09-19,2502.3,2506.0,2501.0,2505.0,2.0,2504.7,4065.0,41536.0
2017-09-20,2502.3,2507.0,2494.8,2505.5,0.5,2505.2,1537.0,43627.0
2017-09-21,2505.0,2505.9,2496.8,2500.8,4.3,2500.9,2535.0,43806.0
2017-09-22,2500.4,2500.7,2492.3,2499.5,1.5,2499.4,1366.0,45108.0
2017-09-25,2502.9,2504.1,2485.5,2497.0,2.4,2497.0,2132.0,44704.0
2017-09-26,2496.1,2501.0,2492.5,2495.5,1.4,2495.6,1176.0,45398.0
2017-09-27,2495.1,2509.2,2493.3,2504.5,8.9,2504.5,4000.0,45679.0
2017-09-28,2502.8,2508.2,2499.3,2507.7,3.2,2507.7,2733.0,45241.0
2017-09-29,2507.0,2517.7,2505.0,2517.0,8.4,2516.1,5173.0,45749.0
2017-10-02,2520.6,2527.7,2517.8,2526.5,10.2,2526.3,2283.0,47294.0
2017-10-03,2526.5,2533.3,2525.5,2533.0,6.5,2532.8,4547.0,46572.0
2017-10-04,2531.5,2537.9,2529.0,2536.3,3.4,2536.2,1913.0,47548.0
2017-10-05,2535.7,2550.5,2534.7,2550.0,13.7,2549.9,2315.0,48441.0
2017-10-06,2548.6,2549.7,2541.5,2545.3,4.8,2545.1,4308.0,49402.0
2017-10-09,2543.8,2550.3,2540.0,2544.0,1.3,2543.8,767.0,49966.0
2017-10-10,2543.3,2553.2,2543.0,2548.8,4.7,2548.5,2016.0,50414.0
2017-10-11,2548.4,2553.5,2544.6,2553.3,4.5,2553.0,3116.0,51601.0
2017-10-12,2552.1,2553.3,2546.8,2549.5,3.6,2549.4,1109.0,53599.0
2017-10-13,2547.8,2555.3,2547.3,2552.5,3.4,2552.8,1123.0,54089.0
2017-10-16,2556.0,2557.5,2551.0,2556.0,3.4,2556.2,1156.0,52099.0
2017-10-17,2555.2,2557.5,2552.5,2557.3,0.7,2556.9,870.0,52984.0
2017-10-18,2557.6,2561.9,2556.6,2560.0,3.2,2560.1,1488.0,53373.0
2017-10-19,2559.6,2561.2,2542.9,2560.8,0.4,2560.5,2871.0,53940.0
2017-10-20,2560.7,2574.2,2559.7,2574.0,13.5,2574.0,3414.0,54389.0
2017-10-23,2575.0,2576.9,2561.7,2563.5,10.6,2563.4,1918.0,58855.0
2017-10-24,2563.5,2570.0,2562.7,2567.0,3.9,2567.3,1200.0,60125.0
2017-10-25,2566.3,2566.3,2541.8,2558.5,8.8,2558.5,4654.0,60209.0
2017-10-26,2558.7,2564.7,2555.8,2561.8,3.1,2561.6,5558.0,59506.0
2017-10-27,2559.0,2580.5,2557.8,2578.7,16.8,2578.4,3531.0,59191.0
2017-10-30,2575.0,2577.0,2565.7,2568.5,10.1,2568.3,1787.0,58917.0
2017-10-31,2567.2,2575.0,2567.0,2572.3,4.4,2572.7,898.0,58430.0
2017-11-01,2573.1,2585.0,2571.5,2574.7,2.1,2574.8,2289.0,58792.0
2017-11-02,2571.9,2578.2,2563.0,2576.7,1.9,2576.7,1739.0,59360.0
2017-11-03,2577.0,2585.2,2573.8,2582.5,6.0,2582.7,1594.0,59437.0
2017-11-06,2581.3,2590.0,2575.9,2588.8,6.0,2588.7,5922.0,60444.0
2017-11-07,2588.2,2593.3,2581.0,2586.5,1.9,2586.8,1004.0,62325.0
2017-11-08,2582.2,2592.2,2580.0,2591.2,4.1,2590.9,2368.0,62200.0
2017-11-09,2590.9,2594.2,2563.7,2583.7,7.0,2583.9,3897.0,61848.0
2017-11-10,2582.8,2585.3,2571.6,2580.0,4.3,2579.6,2473.0,62378.0
2017-11-13,2581.4,2585.3,2570.5,2581.7,2.3,2581.9,1667.0,62506.0
2017-11-14,2581.3,2581.9,2564.5,2578.0,4.0,2577.9,1546.0,62256.0
2017-11-15,2572.0,2572.3,2556.7,2565.3,12.8,2565.1,3273.0,62906.0
2017-11-16,2564.3,2589.0,2562.5,2585.0,19.9,2585.0,2397.0,64596.0
2017-11-17,2582.2,2585.7,2575.1,2576.3,8.7,2576.3,2682.0,65063.0
2017-11-20,2574.4,2583.1,2567.8,2582.2,5.8,2582.1,2646.0,65885.0
2017-11-21,2582.8,2600.0,2579.5,2596.5,14.2,2596.3,3064.0,66626.0
2017-11-22,2595.0,2599.9,2593.1,2594.5,1.7,2594.6,4163.0,67511.0
2017-11-24,2594.5,2602.5,2589.5,2600.5,6.4,2601.0,1397.0,68915.0
2017-11-27,2603.0,2605.0,2596.9,2601.5,0.8,2601.8,3038.0,68958.0
2017-11-28,2601.0,2626.5,2597.9,2625.5,24.2,2626.0,8896.0,70177.0
2017-11-29,2625.6,2634.0,2620.0,2625.0,0.9,2625.1,5045.0,72703.0
2017-11-30,2625.0,2658.0,2622.4,2641.5,22.8,2647.9,6400.0,73495.0
2017-12-01,2641.9,2650.3,2605.0,2644.0,4.0,2643.9,3794.0,74934.0
2017-12-04,2659.6,2664.7,2634.1,2638.3,5.7,2638.2,3789.0,69970.0
2017-12-05,2637.0,2648.5,2627.4,2628.2,9.9,2628.3,4792.0,70175.0
2017-12-06,2629.1,2634.0,2620.3,2629.5,0.9,2629.2,7773.0,69212.0
2017-12-07,2631.4,2639.8,2626.7,2639.7,10.3,2639.5,13211.0,71392.0
2017-12-08,2646.5,2651.5,2644.5,2651.0,11.5,2651.0,11304.0,75239.0
2017-12-11,2653.0,2662.0,2652.0,2662.0,10.6,2661.6,17636.0,77140.0
2017-12-12,2662.5,2669.7,2662.0,2665.0,3.5,2665.1,15034.0,73203.0
2017-12-13,2668.7,2672.0,2664.5,2666.7,1.3,2666.4,10104.0,66396.0
2017-12-14,2667.0,2668.0,2652.5,2652.8,13.2,2653.2,5213.0,59928.0
2017-12-15,,,,,,2669.02,0.0,57969.0
2017-12-18,2687.5,2697.6,2687.4,2694.0,12.4,2694.4,4186.0,40488.0
2017-12-19,2696.0,2697.9,2682.8,2684.3,10.3,2684.1,5159.0,40004.0
2017-12-20,2691.0,2695.2,2679.5,2681.7,2.5,2681.6,6729.0,43019.0
2017-12-21,2682.1,2695.5,2681.0,2688.0,6.2,2687.8,1690.0,48082.0
2017-12-22,2689.5,2691.3,2682.7,2686.2,1.7,2686.1,744.0,48748.0
2017-12-26,2686.0,2688.9,2683.8,2687.2,1.0,2687.1,1325.0,50545.0
2017-12-27,2688.2,2690.5,2682.0,2685.2,1.7,2685.4,2315.0,50928.0
2017-12-28,2686.9,2689.0,2683.5,2685.5,0.3,2685.7,4183.0,51377.0
2017-12-29,2689.1,2698.2,2668.0,2673.0,9.7,2676.0,2562.0,52057.0
2018-01-02,2678.4,2696.0,2675.1,2693.0,16.9,2692.9,2954.0,51888.0
2018-01-03,2693.0,2713.7,2692.7,2710.2,18.0,2710.9,4741.0,51613.0
2018-01-04,2710.1,2728.5,2709.0,2724.0,12.9,2723.8,2159.0,52688.0
2018-01-05,2726.0,2742.9,2724.4,2742.5,18.8,2742.6,3435.0,53037.0
2018-01-08,2746.0,2748.0,2736.7,2747.2,4.2,2746.8,1555.0,55526.0
2018-01-09,2747.0,2759.7,2743.4,2752.5,5.5,2752.3,1575.0,55482.0
2018-01-10,2751.0,2751.6,2736.8,2750.7,1.7,2750.6,4018.0,56400.0
2018-01-11,2752.0,2770.1,2748.4,2769.5,18.9,2769.5,3146.0,56720.0
2018-01-12,2769.2,2789.6,2767.0,2788.5,19.2,2788.7,3730.0,56032.0
2018-01-16,2792.0,2808.2,2769.5,2782.0,6.1,2782.6,4305.0,55189.0
2018-01-17,2785.9,2809.0,2779.4,2803.8,21.1,2803.7,6654.0,55170.0
2018-01-18,2803.7,2807.8,2794.0,2796.5,7.5,2796.2,3760.0,55904.0
2018-01-19,2797.7,2814.5,2791.9,2811.5,14.8,2811.0,6223.0,56557.0
2018-01-22,2804.3,2838.1,2802.6,2835.0,24.2,2835.2,3067.0,68491.0
2018-01-23,2835.3,2844.5,2828.9,2839.5,4.4,2839.6,2746.0,68661.0
2018-01-24,2837.8,2855.0,2826.5,2841.5,1.4,2841.0,5186.0,69161.0
2018-01-25,2839.3,2853.7,2832.0,2840.5,0.2,2841.2,4246.0,71353.0
2018-01-26,2842.4,2875.9,2841.5,2874.5,33.3,2874.5,4691.0,74704.0
2018-01-29,2873.9,2878.4,2852.2,2853.5,20.9,2853.6,3787.0,76532.0
2018-01-30,2854.2,2857.7,2818.5,2824.0,29.1,2824.5,6571.0,72073.0
2018-01-31,2824.2,2839.5,2813.5,2829.0,1.3,2825.8,4907.0,75267.0
2018-02-01,2832.2,2837.1,2810.0,2822.0,3.4,2822.4,2361.0,77110.0
2018-02-02,2829.8,2830.6,2755.6,2757.2,65.7,2756.7,3183.0,77188.0
2018-02-05,2758.0,2762.0,2596.0,2605.0,149.0,2607.7,13210.0,77274.0
2018-02-06,2626.6,2700.0,2531.0,2689.5,86.6,2694.3,31100.0,76591.0
2018-02-07,2688.6,2726.0,2661.4,2668.5,26.1,2668.2,5415.0,77835.0
2018-02-08,2667.3,2685.9,2581.0,2593.0,74.8,2593.4,16122.0,78202.0
2018-02-09,2595.3,2638.0,2531.0,2620.0,25.7,2619.1,12734.0,80058.0
2018-02-12,2627.0,2671.0,2621.5,2655.0,36.1,2655.2,5738.0,79798.0
2018-02-13,2655.2,2666.0,2636.0,2661.5,6.5,2661.7,4569.0,77807.0
2018-02-14,2662.6,2701.0,2627.5,2696.5,35.2,2696.9,7317.0,77077.0
2018-02-15,2693.5,2736.2,2689.0,2735.0,37.0,2733.9,4785.0,76044.0
2018-02-16,2734.1,2753.5,2724.5,2735.2,1.1,2735.0,10065.0,77321.0
2018-02-20,2739.2,2746.7,2706.5,2714.5,20.9,2714.1,2208.0,76917.0
2018-02-21,2718.4,2746.0,2694.5,2699.0,15.4,2698.7,2391.0,77125.0
2018-02-22,2697.4,2730.1,2682.7,2711.5,12.8,2711.5,6325.0,77583.0
2018-02-23,2712.7,2749.6,2710.3,2748.5,37.3,2748.8,2071.0,81042.0
2018-02-26,2751.5,2785.5,2743.3,2784.5,35.6,2784.4,5057.0,81395.0
2018-02-27,2782.5,2789.5,2742.5,2747.5,36.9,2747.5,3853.0,83752.0
2018-02-28,2750.1,2761.5,2712.0,2718.0,33.1,2714.4,2293.0,84544.0
2018-03-01,2719.7,2730.0,2660.0,2679.0,36.2,2678.2,7815.0,85195.0
2018-03-02,2682.2,2695.5,2647.5,2690.0,12.0,2690.2,5626.0,85270.0
2018-03-05,2682.2,2727.5,2664.3,2719.0,28.2,2718.4,6042.0,83641.0
2018-03-06,2720.5,2734.0,2711.0,2723.5,5.5,2723.9,5389.0,80586.0
2018-03-07,2695.5,2729.5,2682.0,2724.0,0.6,2723.3,3717.0,78870.0
2018-03-08,2721.8,2740.0,2720.0,2738.5,16.0,2739.3,7864.0,80620.0
2018-03-09,2756.0,2785.5,2752.5,2784.5,44.6,2783.9,13823.0,76601.0
2018-03-12,2790.5,2796.0,2780.0,2783.8,0.2,2784.1,14366.0,73000.0
2018-03-13,2796.0,2800.0,2760.0,2767.0,15.6,2768.5,16119.0,67903.0
2018-03-14,2777.0,2777.0,2745.0,2750.0,18.8,2749.7,10909.0,62614.0
2018-03-15,2757.0,2762.0,2745.0,2750.0,1.9,2751.6,2923.0,62859.0
2018-03-16,,,,,,2751.83,0.0,59617.0
2018-03-19,2753.5,2755.6,2698.0,2722.0,33.1,2722.8,2911.0,28883.0
2018-03-20,2724.1,2728.7,2714.0,2723.5,0.8,2723.6,2746.0,31230.0
2018-03-21,2726.3,2741.0,2714.0,2718.2,5.3,2718.3,2539.0,32624.0
2018-03-22,2718.3,2725.7,2642.2,2643.5,75.0,2643.3,3495.0,34663.0
2018-03-23,2644.4,2658.5,2586.2,2596.5,45.5,2597.8,10325.0,37702.0
2018-03-26,2599.3,2662.5,2591.6,2658.7,61.7,2659.5,8766.0,45449.0
2018-03-27,2661.2,2679.2,2598.0,2614.5,43.8,2615.7,1954.0,50596.0
2018-03-28,2610.7,2633.0,2593.5,2607.0,8.1,2607.6,4398.0,50228.0
2018-03-29,2610.4,2658.5,2601.6,2636.2,35.4,2643.0,3664.0,52423.0
2018-04-02,2636.9,2641.0,2553.5,2574.0,68.0,2575.0,8978.0,54904.0
2018-04-03,2582.5,2619.0,2574.0,2612.5,38.2,2613.2,6286.0,59176.0
2018-04-04,2608.5,2649.6,2560.1,2646.5,33.8,2647.0,2730.0,62061.0
2018-04-05,2647.6,2672.0,2644.6,2661.0,14.8,2661.8,3127.0,62068.0
2018-04-06,2657.6,2663.5,2584.5,2604.0,56.1,2605.7,6644.0,62483.0
2018-04-09,2612.7,2653.0,2609.9,2620.0,13.4,2619.1,4242.0,67505.0
2018-04-10,2617.2,2665.0,2612.6,2655.0,36.0,2655.1,3085.0,67532.0
2018-04-11,2651.3,2661.0,2626.3,2642.0,14.0,2641.1,3599.0,68378.0
2018-04-12,2645.5,2674.2,2640.3,2664.0,22.9,2664.0,1582.0,70064.0
2018-04-13,2659.8,2680.5,2646.0,2658.0,6.7,2657.3,2222.0,69942.0
2018-04-16,2673.6,2686.7,2661.0,2681.5,24.4,2681.7,2875.0,69703.0
2018-04-17,2682.0,2713.5,2679.3,2706.8,24.9,2706.6,2688.0,69760.0
2018-04-18,2705.2,2718.0,2704.0,2710.0,3.1,2709.7,2497.0,69638.0
2018-04-19,2711.1,2712.7,2682.0,2692.5,16.6,2693.1,1118.0,69599.0
2018-04-20,2693.0,2697.8,2660.0,2672.0,21.5,2671.6,5901.0,70154.0
2018-04-23,2681.6,2683.6,2657.8,2671.5,0.3,2671.3,1708.0,70753.0
2018-04-24,2671.9,2688.2,2617.0,2635.0,36.0,2635.3,2704.0,70364.0
2018-04-25,2634.8,2647.7,2612.0,2644.0,9.2,2644.5,4097.0,69989.0
2018-04-26,2651.8,2677.1,2639.7,2674.5,30.1,2674.6,1401.0,71785.0
2018-04-27,2673.1,2676.0,2658.5,2671.3,3.2,2671.4,881.0,71502.0
2018-04-30,2675.5,2682.0,2645.2,2647.5,24.4,2647.0,1922.0,70736.0
2018-05-01,2643.3,2656.9,2623.5,2652.5,5.2,2652.2,1931.0,72252.0
2018-05-02,2645.1,2658.2,2624.9,2627.5,24.8,2627.4,4047.0,72574.0
2018-05-03,2630.0,2636.0,2591.8,2631.5,4.4,2631.8,5557.0,75428.0
2018-05-04,2633.4,2669.3,2613.0,2664.0,31.3,2663.1,1651.0,79073.0
2018-05-07,2665.6,2681.0,2661.7,2670.0,6.9,2670.0,1391.0,79947.0
2018-05-08,2667.3,2674.0,2654.0,2670.5,0.3,2670.3,1992.0,80628.0
2018-05-09,2667.4,2700.0,2667.1,2696.0,25.7,2696.0,1143.0,81609.0
2018-05-10,2700.0,2724.5,2693.4,2718.8,22.7,2718.7,2792.0,81406.0
2018-05-11,2718.3,2732.0,2717.0,2729.5,10.7,2729.4,1427.0,80829.0
2018-05-14,2733.5,2741.0,2724.5,2731.0,1.5,2730.9,1441.0,81196.0
2018-05-15,2728.6,2730.7,2701.3,2709.0,21.9,2709.0,3154.0,81714.0
2018-05-16,2708.9,2727.0,2704.4,2723.0,13.9,2722.9,798.0,82609.0
2018-05-17,2723.8,2731.0,2711.5,2719.0,4.2,2718.7,2234.0,82698.0
2018-05-18,2715.9,2726.5,2709.0,2713.5,5.7,2713.0,4324.0,83389.0
2018-05-21,2732.1,2738.5,2724.7,2733.0,20.1,2733.1,2288.0,85785.0
2018-05-22,2731.6,2741.5,2721.7,2726.0,7.0,2726.1,1869.0,87036.0
2018-05-23,2724.7,2732.5,2705.0,2730.7,4.6,2730.7,2310.0,88048.0
2018-05-24,2728.7,2732.9,2706.0,2728.0,3.1,2727.6,4013.0,89641.0
2018-05-25,2734.7,2737.5,2714.5,2718.0,9.3,2718.3,2559.0,92474.0
2018-05-29,2726.9,2731.3,2675.0,2692.0,26.1,2692.2,5316.0,94333.0
2018-05-30,2690.7,2729.0,2686.2,2724.0,32.4,2724.6,1840.0,98608.0
2018-05-31,2720.2,2728.2,2700.0,2705.5,19.1,2705.5,5108.0,98212.0
2018-06-01,2706.0,2736.0,2706.0,2734.0,28.3,2733.8,3189.0,98580.0
2018-06-04,2732.2,2749.0,2729.4,2746.0,11.7,2745.5,1056.0,98999.0
2018-06-05,2742.9,2752.6,2739.5,2751.7,6.1,2751.6,1513.0,98883.0
2018-06-06,2751.9,2774.1,2748.7,2772.0,20.6,2772.2,5301.0,97690.0
2018-06-07,2772.0,2779.3,2761.0,2773.8,,2772.2,9269.0,95209.0
2018-06-08,2764.5,2779.1,2763.8,2779.1,6.6,2778.8,8774.0,93072.0
2018-06-11,2781.5,2789.5,2781.0,2782.0,4.2,2783.0,13163.0,94813.0
2018-06-12,2787.5,2788.5,2781.5,2784.0,0.9,2783.9,12061.0,89150.0
2018-06-13,2787.5,2790.5,2773.5,2773.5,9.6,2774.3,3210.0,83037.0
2018-06-14,2787.0,2789.0,2777.0,2782.5,8.9,2783.2,2697.0,80420.0
2018-06-15,,,,,,2776.85,0.0,77437.0
2018-06-18,2781.0,2786.3,2761.2,2779.5,4.7,2779.7,1308.0,46248.0
2018-06-19,2774.4,2774.4,2736.5,2766.3,13.5,2766.2,1804.0,46956.0
2018-06-20,2767.3,2778.0,2757.7,2772.0,5.8,2772.0,3074.0,48013.0
2018-06-21,2783.0,2784.9,2749.0,2752.0,19.5,2752.5,1876.0,49307.0
2018-06-22,2750.2,2768.0,2749.8,2759.5,7.0,2759.5,913.0,50479.0
2018-06-25,2757.5,2757.5,2701.0,2723.0,37.2,2722.3,3771.0,51240.0
2018-06-26,2723.9,2734.0,2715.2,2728.5,6.2,2728.5,940.0,54166.0
2018-06-27,2727.3,2747.8,2703.0,2704.3,23.6,2704.9,2468.0,54485.0
2018-06-28,2704.8,2726.0,2693.6,2719.0,14.6,2719.5,1693.0,55482.0
2018-06-29,2720.9,2745.0,2717.2,2723.3,2.1,2721.6,2397.0,55596.0
2018-07-02,2723.7,2728.0,2698.9,2727.0,5.7,2727.3,858.0,55725.0
2018-07-03,2726.3,2741.0,2712.2,2713.5,14.0,2713.3,430.0,56151.0
2018-07-05,2711.7,2739.4,2711.2,2738.7,25.3,2738.6,2285.0,56132.0
2018-07-06,2735.3,2765.7,2731.6,2763.3,24.3,2762.9,1489.0,56982.0
2018-07-09,2763.6,2787.5,2763.6,2787.5,24.5,2787.4,2508.0,57553.0
2018-07-10,2787.2,2797.5,2781.3,2796.5,9.3,2796.7,1417.0,58072.0
2018-07-11,2782.9,2787.5,2766.3,2773.5,22.6,2774.1,1594.0,58888.0
2018-07-12,2776.1,2800.8,2774.2,2798.8,24.4,2798.5,1827.0,59771.0
2018-07-13,2801.0,2807.0,2794.0,2803.5,4.7,2803.2,640.0,60672.0
2018-07-16,2808.0,2808.5,2795.0,2797.0,6.7,2796.5,992.0,60734.0
2018-07-17,2796.8,2815.0,2790.5,2811.0,14.8,2811.3,1479.0,61393.0
2018-07-18,2814.3,2818.0,2807.2,2815.0,4.7,2816.0,1130.0,62175.0
2018-07-19,2815.7,2817.5,2801.0,2805.0,10.7,2805.3,1125.0,62101.0
2018-07-20,2807.2,2810.4,2793.4,2800.5,4.5,2800.8,2627.0,62260.0
2018-07-23,2799.8,2812.3,2792.6,2812.3,11.2,2812.0,1383.0,62407.0
2018-07-24,2812.9,2831.0,2810.8,2820.5,9.0,2821.0,764.0,62749.0
2018-07-25,2816.0,2849.0,2814.5,2841.5,20.3,2841.3,2215.0,62742.0
2018-07-26,2836.8,2846.0,2833.7,2842.5,1.2,2842.5,2020.0,62726.0
2018-07-27,2844.8,2846.7,2809.5,2817.0,25.0,2817.5,1353.0,63250.0
2018-07-30,2810.6,2821.5,2799.0,2803.0,14.3,2803.2,1648.0,62372.0
2018-07-31,2803.7,2827.4,2803.3,2824.0,13.9,2817.1,662.0,62612.0
2018-08-01,2814.3,2825.6,2805.5,2810.5,6.3,2810.8,1223.0,62433.0
2018-08-02,2813.8,2830.7,2791.3,2828.5,17.6,2828.4,1411.0,62058.0
2018-08-03,2830.3,2840.8,2825.1,2839.2,11.1,2839.5,710.0,62389.0
2018-08-06,2842.2,2852.3,2835.5,2850.1,10.6,2850.1,1123.0,63576.0
2018-08-07,2851.5,2863.0,2848.5,2860.0,9.6,2859.7,1282.0,64489.0
2018-08-08,2860.8,2862.0,2853.0,2856.0,4.4,2855.3,1347.0,64620.0
2018-08-09,2855.3,2862.5,2851.0,2854.0,1.5,2853.8,942.0,65006.0
2018-08-10,2847.0,2847.0,2826.5,2836.5,17.0,2836.8,1595.0,64776.0
